name,gnd,gender,biography,bibliography
Bernow Ludwig,117235733,female,"Bernow, Ludwig, Biographie s. Luise Iung.","‒ Badische Fortbildungsschule. Iahrg. 1889/90. Baden-Baden. à Heft –.30 ‒ Das Buch vom Türkenlouis Markgraf Ludwig von Baden. 8. (183) Achern 1897, Eitler & Hundt. ‒ Des Schwarzwalds schönste Sagen. Auf fröhlicher Fahrt erzählt, u. allen Besuchern Badens gewidmet. 12. (190 m. Abbildgn.) Baden-Baden 1889, B. Spies. kart. n 2.–, geb. n 4.– ‒ Die Sagen der Trinkhalle zu Baden-Baden. 2. Aufl. 12. (31) Ebda. 1893. –.50 m. d. 14 Fresken in Lichtdr. 1.50 ‒ Dreissig Iahre. Erzählg. aus unserer Zeit. 8. (329) Leipzig 1882, Abel. n 4.–, geb. n 4.50 ‒ Heimatkunde der Stadt Baden. 8. (40) Baden-Baden 1888, Spies. –.50 ‒ Miterlebt. Drei Nov. 8. (222) Baden-Baden 1883, Sommermeyer. n 3.–, geb. n 3.50 ‒ Schloss Favorite. Ein Geleitu. Erinnerungsbüchlein. 8. (32) Freiburg i B. 1896, Lorenz & Waetzel. 1.–"
Bernow M.,117235733,female,"Bernow, M. von, s. Max von dem Borne. Nachtrag.",.
Jung Mathilde Luise,117235733,female,"*Iung, Frl. Luise Mathilde, Ps. Ludw. Bernow, Baden-Baden, Ludwig Wilhelm-Platz 8, wurde am 17. September 1843 in Meersburg am Bodensee, wo ihr Vater am Schullehrerseminar wirkte, geboren, und siedelte durch die Versetzung des Vaters, der zum Grossherzoglich badischen Kreisschulrat ernannt war, mit ihren Eltern im Iahre 1871 nach Baden-Baden über. Sie hatte eine sorgfältige Erziehung genossen, Kunststudien betrieben, schrieb bald in verschiedene grössere Tagesblätter und Zeitschriften und gab im Iahre 1882 ihr erstes Werk in Buchform heraus. Nach dem Tode ihrer Eltern wirkte sie mehrere Iahre als Oberin des Damenheims Friedrich-Wilhelm-Pflegehaus, wodurch notgedrungen eine Pause in ihrer schriftstellerischen Thätigkeit eintrat. Die letztere nahm sie im Iahre 1896 wieder auf. Werke s. auch Ludwig Bernow.","‒ Ein Lebensbild aus dem 17. Iahrhundert. Volksausgabe. 8. (183) Achern 1897, Eitler & Hundt. In Vorbereitung. ‒ Schloss Favorite. Ein Geleitu. Erinnerungsbüchlein. (Aus: »Das Buch vom Türkenlouis«) 8. (32) Freiburg i. B. 1896, Lorenz & Waetzel. 1.–"
Weidenmüller Anna,117239712,female,"*Weidenmüller, Frl. Anna, Destedt in Braunschweig, wurde zu Mackenzell b. Hünfeld am 23. Mai 1854 als Tochter eines kurhessischen Rentmeisters geboren, lebte in dem Heimatdorfe bis zu ihrem 15. Iahre und besuchte die Volksschule. Nach dem Umzug ihrer Eltern nach Kassel, kam sie in die dortige höhere Töchterschule und bestand 1873 das Lehrerinnenexamen für höhere Mädchenschulen. Nachdem sie mehrere Iahre zuerst als Erzieherin, dann als Lehrerin thätig gewesen war, zwang sie ein andauerndes Leiden, auf eine feste Stellung zu verzichten und durch Privatstunden ihren Unterhalt zu suchen. Während dieser Zeit entstanden ihre ersten schriftstellerischen Arbeiten, welche später in Zeitschriften veröffentlicht worden sind. Im Iahre 1890 übernahm sie die Stelle einer Erzieherin, welche sie gegenwärtig noch bekleidet. In dieser Zeit sind mehrere Dichtungen entstanden.","‒ Die letzte Rose. Waldmärchen. 16. (35) Kassel 1879, Freyschmidt. 1.60; geb. 2.40 ‒ Ein Glaube. Erzählg. 8. (236) Barmen 1895, D. B. Wiemann. 7.–; Einbde. 1.– ‒ Fides. Dichtg. 12. (103) Leipzig 1892, G. Wigand. geb. m. Goldschn. 2.50 ‒ Schildheiss. Deutsche Sage in 7 Gesängen. 8. (70) Kassel 1884, Freyschmidt. 1.–; geb. 2.–"
Weigelt Hermine,117243698,female,"Weigelt, Hermine. Letzte Reste. Ein Cyklus v. Novellen-Skizzen. 2. Aufl. 12. (178) Norden (1872) 1889, Fischer Nachfolger. 3.–",.
Tautphoeus Jemima,117248134,female,"Tautphoeus, Iemima, Baronin. Quitte. Rom. in 3 Bdn. Autoris. Übersetzg. aus dem Engl. 8. (793) Gotha 1893, F. A. Perthes. 10.–",.
Burdach Hans,117258059,female,"Burdach, Hans, Biographie und Werke s. Klara Steinitz.",.
Steinitz Clara,117258059,female,"*Steinitz, Frau Clara, geb. Klausner, Ps. Hans Burdach, Berlin SW., Hagelsbergerstrasse 20 p., geboren 16. April 1852 zu Kobylin in der Provinz Posen, erhielt sie ihre Erziehung in Halle a. d. Saale. Im Iahre 1873 verheiratete sie sich mit dem bekannten Publizisten Heinrich Steinitz in Berlin. Sie ist als Romanschriftstellerin, Novellistin, Feuilletonistin und Übersetzerin aus dem Englischen, Französischen und Italienischen thätig.","‒ D. Hässliche. Rom in 3 Bdn. 8. (509) Berlin 1884, Freund & Ieckel. 10.– ‒ Dasselbe. (In 1 Bde) (377) Berlin 1887, C. R. Dreher. 4.– ‒ Der Ring der Nibelungen. (40 Kunstblätter von C. A. Doepler d. Ä., Text von C. Steinitz.) 1893. ‒ Des Volkes Tochter. Erzählg. 2 Bde. 8. (370) Leipzig 1878, Berlin, Borstell & R. 6.– ‒ Dasselbe. 2 Bde. 8. (45 m. 1 Taf.) Prag 1878, Calve. 1.20"
Lucas Betty,117259748,female,"□Lucas, Betty, geb. Bloem, Ps. B. Beluky, Düsseldorf, Bilkerstrasse 28.",.
Stinde Conradine,117259896,female,"*Stinde, Conradine, Lensahn, Holstein, daselbst am 30. Dezember 1856 geboren, ist die Tochter des Kirchenpropstes Stinde. Sie schrieb zuerst Artikel und Geschichten für Zeitschriften und Zeitungen, »Frauendaheim«, »Häuslicher Ratgeber«, »Fürs Haus«, »Dies Blatt gehört der Hausfrau«, »Von Haus zu Haus«, »Feuilleton-Zeitung«, »Nord-Ostsee-Zeitung« u. so mehr. Später erschien von ihr in »Iunge Mädchen«, herausgegeben von Frida Schanz, eine Pensionsgeschichte »Im Pastorat von Hellwigshagen«, die in jedem Iahrgange eine Fortsetzung davon brachte; wie auch Erzählungen in »Kinderlust« von Frida Schanz und in »Deutsches Mädchenbuch« von Thiemann in Stuttgart. Conradine St. ist die Schwester des Schriftstellers Iulius Stinde-Berlin und der Malerin Sophie Stinde, Dachau-München.","‒ Glücksklee. Erzählg. f. junge Mädchen. 8. (128) Kiel 1897, Heinrich Eckardt. geb. 2.–"
Salzbrunn Alice,117261467,female,"Salzbrunn, Alice, Biographie s. Anna Freifrau von Stockhausen. 1. Album der Musik. (341) 1865. n 3.75 2. Album der Malerei u. Skulptur. (200) 1866. n 2.–","‒ Album der Malerei u. Musik. 2 Tle. Musik. 8. (341) Leipzig, M. Schäfer, n 5.75 ‒ Das Weihnachtsfest zu Thompsonhall. 12. (102 m. Abbildgn.) Einsiedeln 1892, Benziger & Co. kart. –.60; erm. Pr. –.50 ‒ Das Wort Gottes in Zeugnissen von Theologen, Philosophen u. Dichtern. 16. (180) Leipzig 1870, Friese. 1.50; geb. n 2.50 ‒ Der blinde Organist von Sevilla. Eine Sage von der heiligen Christnachtsmesse. Dem Spanischen nacherzählt von A. S. 12. Einsiedeln 1892, Benziger & Co. kart. –.60; erm. Pr. –.50 ‒ Der Mutter Weihnachtstraum. Aus dem Engl. 12. (107) Ebda. kart. –.60; erm. Pr. –.50 ‒ Der Sinnspruch des Ringes. Nach dem Engl, der Mrs. W. Hunt erzählt. 8. (132) Ebda. 1890. kart. 1.20; erm. Pr. 1.– ‒ Die Kinder vom Seeligsberg. Eine Erzählg. vom Luzerner See. Aus dem Engl. frei übers. 8. (210) Oldenburg 1878, Bültmann & Gerriets. nn 4.–; kart. n 4.50; geb. n 6.– ‒ Dramatische Frauen. Ein Sonettenkranz. 8. (33) Düsseldorf 1865, Schaub. n 1.– ‒ Ein Abendessen bei Papa Ionas. 8. (96) Einsiedeln 1884, Benziger & Co. –.80 ‒ Ein Kranz auf das Grab des Dichters Aug. Graf von Platen. 8. (80) Hannover 1866, Klindworth. n 1.50 ‒ Farnkräuter. Ein Lebensbilderbuch. Aus dem Engl. 16. (253) Gütersloh 1875, Bertelsmann. 1.80 ‒ Gallicismen. Eine Sammlg. franz. Redensarten m. deutsch. Übers. Zum Gebrauch in höheren Lehranstalten u. zum Selbstunterricht. 8. (104) Frankfurt a. M. 1880 Foesser Nachfolger. n 1.35; kart. n 1.50 ‒ Historische Tage u. Skizzen. (134 m. kolor. Bildern.) Berlin 1873, Winckelmann & Söhne."
Salzbrunn Alice,117261467,female,"Salzbrunn, Alice. Im Erlenthal. Sittenbilder ans Irland. 8. (104) Einsiedeln 1885, Benziger & Co. –.80","‒ In der zwölften Stunde. Nach dem Engl. des R. E. Francillon. 12. (102 m. Abbildgn.) Ebda. 1892. kart. –.60; erm. Pr. –.50 ‒ Iohann Smiths Doppelgänger. Autoris. Bearbeitg. aus dem Engl. 12. (102 m. Abbildgn.) Ebda. kart. –.60; erm. Pr. –.50 ‒ Mosaik. Erzählgn. u. Gedenkblätter. Aus dem Engl. übertr. 8. (246) Frankfurt a. M. 1881, Foesser Nachfolger. n 1.80 ‒ Musik. Gesammelte Blätter. 16. (435) Berlin 1873, Cronbach. geb. 6.– ‒ Novellen u. Skizzen. Aus dem Engl. 8. (121) Dingolfing 1877, Russy. n 1.– ‒ Novellen von M. de Bawr. Aus dem Franz. (227) Frankfurt a. M. 1881, A. Foesser Nachfolger. ‒ Stillleben. 8. (155) Bremen 1868, Kühtmann & Co. 1.80 ‒ Weihnachts-Erinnerungen. Aus dem Engl. 8. (226) Leipzig 1871, H. Fritzsches Verlag. 2 40; geb. n 3.–"
Stockhausen Fanny,117261564,female,"Stockhausen, Fanny. Friedebert. Erzählg. Berlin 1897, Schriften-Vertriebsanstalt. 1.50; geb. 2.– u. H. M. Bennet. Wenn der Frühling blüht. Bilder v. H. M. B. Reime v. F. St. 4. (52) München 1888, Stroefer. geb. 5.50","‒ Idis. Gedicht. 12. (32) Düsseldorf 1896, C. Schaffnit. –.70"
Stockhausen Fanny,117261564,female,"Stockhausen, Frl. Fanny, Düsseldorf, Sedanstrasse 1, geboren den 23. September 1846 in Solingen als Tochter des königlichen Notars Franz Stockhausen. Seit 1860 in Düsseldorf wohnhaft. Fanny Stockhausen ist Mitarbeiterin verschiedener Frauenblätter, seit 1888 Werke s. auch Band II, S. 337.","‒ Aus Luthers Brunnenstube. Lieder zum 10. Nov. 8. (96) Barmen 1883, Hugo Klein. Kart. 1.50 ‒ Malbuch für das kleine Volk. Übersetzg. d. Kate Greeneway. München 1881, Th. Ströfer. kart. 1.50; geb. 2.50"
Stille Karoline,117262994,female,"Stille, Karoline, s. Charlotte Thiesen.",.
Thiesen Charlotte,117262994,female,"Thiesen, Charlotte, Ps. Karoline Stille, geboren 1782 zu Schwartau im Fürstentum Lübeck, gestorben den 30. Mai 1834 in Eutin.",.
Joconde ,117264326,female,"Ioconde, Biographie u. Werke s. Helene Stökl.",.
Linhart Elise,117264326,female,"Linhart, Elise, geb. Boeckel, geboren am 21. Iuli 1848 zu Brandenburg, gestorben durch Selbstmord am 20. Oktober 1880 in Civitavecchia.","‒ Auf der Giudecca. Nov. 16. (198) Iena 1878, Costenoble. n 3.50; geb. n 4.75 ‒ Im Sturm des Lebens u. andere Erzählgn. 2 Bde. 8. (508) Ebda. 1882. n 6.– ‒ Zweimal vermählt u. andere Erzählgn. Mit einer biographischen Skizze von Helene Stökl. (Schwester der Verf.) 2 Bde. 8. (717) Ebda. 1881. n 10.–"
Stöckl Elise,117264326,female,"Stöckl, Elise. Neuestes u. bewährtestes Kochbuch f. bürgerliche Haushaltungen. 4. Aufl. 8. (404) Wien 1881, Mayer & Co. 2.70",.
Stökl Helene,117264326,female,"*Stökl, Frau Helene, Ps. Ioconde und Constanze v. Franken, Steyr, Ob.-Österr., geboren am 18. März 1845 in Brandenburg a. d. Havel als älteste Tochter des Oberlehrers Karl Boeckel. Ihr Vater kam dann nach Breslau und später nach Görlitz. H St. erhielt eine sorgfältige Erziehung, doch ward ihr Leben früh zu einem ernsten, da sie mit 11 Iahren durch den Tod die Mutter verlor. H. St. legte 1863 in Bunzlau das Lehrerinnenexamen ab und nahm 1864 eine Stelle als Erzieherin an. 1866 starb ihr Vater an einem Herzschlag und mit seinem Tode zerstreute sich die Familie. Helene kam als Erzieherin nach Wiener-Neustadt bei Wien und lernte da den Musiklehrer und Tonkünstler Rudolf Stökl kennen, mit dem sie sich 1869 verheiratete. Die Ehe war trotz grossen Altersunterschiedes eine innerlich sehr glückliche, äusserlich aber vielfach durch Sorgen und Krankheit getrübt. H. St. hatte ein 3jähriges schweres Krankenlager an chron. Kniegelenksentzündung zu bestehen, das ihre Gesundheit für immer brach, obwohl sie allmählich – anfangs an Krücken – wieder gehen lernte. Im Iahre 1885 starb ihr Mann nach einer Krankheit von wenigen Tagen und liess H. St. mit 3 Kindern völlig mittellos zurück. Sie verlor indessen den Mut","‒ Allein in der Welt (frei nach H. Malot). 12. (125) Wien 1895, A. Pichlers Wwe. & Sohn. 1.– ‒ Auf der Schwelle des Lebens. Herzensworte als Mitgabe f. deutsche Töchter. 4. Aufl. 8. (255 m. Titelbl.) Leipzig 1898, Hirt & Sohn. geb. m. Goldschn. 4.– ‒ Aug' in Auge. Eine Plauderei. 16. (128) Leipzig 1881, C. A. Koch. geb. m. Goldschn. 2.40 ‒ Aus der Mädchenzeit. Geschichten für Backfische u. solche, die es gewesen. 2. Aufl. 8. (256 m. Illustr.) Leipzig 1887, Gebhardt. geb. 5.– ‒ Aus eigener Kraft. Lebensbilder bedeutender Österreicher uns. Zeit. 12. (95) Graz 1891, Wien, St. Norbertus. –.70 ‒ Aus glücklichen Tagen. Erzählgn. u. Erlebnisse aus der Frühlingszeit d. Lebens. 8. (244 m. 4 H.) Leipzig 1880, Gebhardt. geb. 5.– ‒ Daheim u. draussen. Für die Kleinen gedichtet. 4. (20 m. Illustr.) Reutlingen 1887, Ensslin & Laiblin. 1.–; kolor. Ausg. 1.50 ‒ Das Buch zum Vorlesen Sechs heitere Romane von L. Schücking, O. Girndt, H. St., B. W. Zell u. A. 16. (283) Berlin 1893, A. Goldschmidt. geb. 3.– ‒ Das Lorl u. andere Erzählgn. f. junge Mädchen. 8. (223) Berlin 1888, Nord deutsches Verlags-Institut. geb. m. Goldschn. 4.– ‒ Die Christbescheerung. 12. (69) Wien, A. Pichlers Wwe. & Sohn. geb. –.80"
Stökl Helene,117264326,female,"Stökl, Helene. Die Seeschwalbe. Das Lappenmädchen. Im Thale d. Tuareks. Erzählgn. 12. (71 m. Illustr.) Stuttgart 1884, Kröner. –.20; geb. –.60 Werke s. auch Constanze v. Franken.","‒ Die Weltreisen Ida Pfeiffers. 12. (106) Wien 1893, St. Norbertus. –.70 ‒ Drei Wochen am Gardasee. 12. (106 m. Illustr.) Teschen 1892, K. Prochaska. kart. 1.60 ‒ Er, Sie u. Es. Heitere u. ernste Silhouetten des hänsl. Lebens. 3. Aufl. 12. (130) Dresden 1894, C. A. Koch. geb. m. Goldschn. 2.40 ‒ Erzählungen. 12. (95) Wien 1893, A. Pichlers Wwe & Sohn. –.80 ‒ Feierstunden der Seele. Dichterklänge zur Erquickg. u. Erhebg. v. Herz u. Geist. 8. (265 m. 1 Photograv.) Leipzig 1896. F. Hirt & Sohn. geb. m. Goldschn. 4.– ‒ Fräulein Circibell. Schneewittchen. 12. (92) Wien, A. Pichlers Wwe. & Sohn. geb. –.80 ‒ Freudvoll u. leidvoll. 2 Erzählgn. 8. (113) Berlin 1895, A. Goldschmidt. –.50 ‒ Fürs Kindernest. Alte u. neue Märchen in Versen. 4. (48 m. Illustr.) München 1882, Reutlingen, Ensslin & Laiblin. geb. 4.50 ‒ Hell u. dunkel. Erzählgn. 12. (98) Berlin 1889, A. Goldschmidt. –.50 ‒ Herzens-Kalender. Gedenkblätter. 8. (216) Leipzig 1884, C. A. Koch. geb. m. Goldschn. 3.– ‒ In Untreue treu. Rom. 8. (188) Berlin 1884, A. Goldschmidt. 4.–; billige Ausg. 1.– ‒ Mädchenbibliothek Freia zur Bildung von Geist u. Gemüt für Deutschlands Töchter. Hrsg. v. H. St. 3 Bde. 12. (212, 216 u. 220 m. Abbildgn.) Stuttgart 1894/95, Levy & Müller. geb. à 2.– ‒ Maja. 8. (192) Berlin 1877, Goldschmidt. 1.50 ‒ Märchenquell. 21 kleine Erzählgn. für Kinder von 8–12 Iahren. 8. (187 m. 5 Farbendr.) Berlin 1889, Norddeutsches Verlags-Institut. geb. 4.50 ‒ Dasselbe. 18 kleine Erzählgn. 8. (128 m. 5 Farbendr.) Ebda. 1889. 3.– ‒ Meinen Sie mich? Launige Fragen, launig beantwortet. 8. (113) München 1881, Bassermann. 1.80 ‒ Metas Geheimnis. Humoreske. 16. (110) Berlin 1878, Goldschmidt. –.50 ‒ Picciola. Nach dem Franz. von Saintine. Für die deutsche Mädchenwelt bearb. von S. 8. (229) Berlin 1890, G. Pohlmann. geb. 2.– ‒ Roberts Erlebnisse. Frei nach H. Malot. 12. (140) Wien 1895, A. Pichlers Witwe & Sohn. 1.– ‒ »Schneerosen«. Erzählgn. aus d. Weihnachtszeit. 8. (24) Leipzig 1887, Gebhardt. geb. 3.– ‒ Theaterstücke von Rich. Faust, Hans Fraungruber, Iuliane Meyn u. H. St. 12. (92) Wien 1893, A. Pichlers Witwe & Sohn. –.80 ‒ Unsere Kleinen. Plaudereien für die Grossen. 16. (156) Leipzig 1885, C. A. Koch. geb. m. Goldschn. 3.– ‒ Unterm Weihnachtsbaum. Festbilder. 16. (123) Ebda. 1883. geb. m. Goldschn. 2.40 ‒ Verschlungene Lebenspfade. 4 Erzählgn. für junge Mädchen. 2. Ausg. 8. (168) Berlin 1885, Mitscher. geb. m. Goldschn. 3.– ‒ Was ihr wollt. Erzählgn. für die junge Welt. 8. (162 m. farb. Bildern) Berlin 1894, H. I. Meidinger. geb. 3.– ‒ Zum Meer. Ferientage in Triest u. am Quarnero. 8. (187) Teschen 1890, Prochaska. geb. 3.–"
Uhland Emilie,117268194,female,"Uhland, Emilie, geb. Usher, Witwe des Dichters Ludw. Uhland, geboren den 15. Mai 1798 in Calw, gestorben den 5. Iuni 1881 in Tübingen.","‒ L. Uhlands Leben. Aus seinem Nachlasse u. eigener Erinnerg., zusammengestellt von seiner Witwe. 1865."
Uhland Emilie,117268194,female,"Uhland, Emilie, geb. Uscher, Witwe des Dichters Ludw. Uhland. Sie starb in Tübingen.",.
Strand Gabriel,117274992,female,"Strand, Gabriel, Biographie s. Louise Tesdorpf.","‒ Atalanta van d. Hege. Rom. 8. (194) Stuttgart 1885, Spemann. 1.– ‒ Fata Morgana. Dramat. Gedicht. 8. (82) Lübeck 1892, Lübcke – Hartmann. Vergriffen. 2.– ‒ Hadrian. Eine Tragödie. 8. (123) Lübeck 1885, Dittmer. Vergriffen. 3.– ‒ Iulia Alpinula. Tragödie. 8. (97) Lübeck 1888. Karlsruhe, A. Bielefelds Hofbuchhandlung. Vergriffen. 2.–; geb. 3.–"
Sickenberger Therese,117275085,female,"*Sickenberger, Frl. Therese, Ps. Th. Singolt, München, Galleriestrasse 22, wurde am 24. Ianuar 1853 in Weiherhammer auf einem einsamen staatlichen Hüttenwerke bei Weiden in der Oberpfalz geboren. Ihr Vater war Hüttenmeister daselbst. Später zogen die Eltern nach München, wo Th. die Volksschule, dann das Aschersche Institut besuchte. Schon mit 18 Iahren musste sie in fremde Lande als Erzieherin. Sie kam nach Frankreich, in die Champagne, dann nach Italien, nach Rom, Neapel, an die adriatische Küste, weit im Süden. Im Iahre 1882 ereilte sie ihr Schicksal: als Erzieherin in einem königlichen Hause in glänzender Stellung, eine gesicherte Zukunft in Aussicht, erkrankte sie plötzlich an der tückischen Krankheit, dem Gelenkrheumatismus, lag, eine Trostlose, Sterbende, acht Monate lang, erstand trotz alledem zum Leben, jedoch als Krüppel, lernte wieder gehen, lernte leben. »Da nahte sich mir,« schreibt Th. S. selbst, »eine Trösterin, die Poesie; mitten im schrecklichsten Elend, in der Gesellschaft der abschreckendsten Krüppel, fast alle elender als ich selbst, in der orthopädischen Anstalt des berühmten Hessing in Göggingen bei Augsburg, den Wilbrandt so bewundernswert in seinen Rothenburgern verherrlicht hat, entströmte meiner gequälten Seele ein Quell von Liedern, deren Klang mich tröstete. Dort fliesst ein klares Bächlein mit seinen Silberwellen in die Wertach, einen Nebenfluss des Lech. Singolt heisst das Bächlein, dessen Sprudeln mir so liebliche Musik schien. Iahre vergingen im Heilen und Singen, winters in München, sommers in den Bergen. Endlich 1887 konnte ich",.
Weinzierl Antonie Louise,117275972,female,"*Weinzierl, Frl. Louise Antonie, Ps. A. Baer, R. Hofmann und C. Law, Wien XVIII, Schopenhauerstrasse 5, am 17. Ianuar 1835 in Lemberg, Galizien, als die Tochter eines österreichischen Stabsoffiziers geboren, erhielt eine sorgfältige Erziehung. Nach dem Tode des Vaters widmete sie sich dem Lehrfache. Nachdem sie in der Ausübung dieses Berufes so manches geschrieben und übersetzt hatte, begann sie eine regelmässige Thätigkeit auf schriftstellerischem Gebiete zu entwickeln und schrieb durch eine Reihe von Iahren biographische, historische Aufsätze und Erzählungen, sowie Übersetzungen aus dem Englischen, Französischen und Italienischen. Sie übertrug auch einiges ins Englische. Seitdem sie das Ehrenamt der Schatzmeisterin des »Vereins der Schriftstellerinnen und Künstlerinnen in Wien« übernommen hat, schreibt sie nur kleine Aufsätze, meist für Frauenzeitungen. Verschiedene Erzählungen sind in der »Neuen Illustrierten Zeitung«, in »Über Land und Meer«, im »Breslauer Sonntagsblatt« und vielen anderen Blättern erschienen.",.
Dewitz Anna,117277800,female,"*Dewitz, Frl. Anna von, Ps. Annette Weditz, Berlin W., Lützow-Ufer 30, wurde am 8. Iuli 1836 in Stargard in Pommern als die älteste Tochter eines Landedelmannes geboren. Mit 5 Iahren kam sie auf das seit Iahrhunderten im Besitz der Familie von Dewitz sich befindliche Rittergut Wussow in Pommern, wo sie die längste Zeit ihres Lebens verbrachte. Auf ihren einsamen Spaziergängen unter den herrlichen uralten Buchen des Parkes kamen ganz von selbst allerlei Gedanken und Träume, die sie drängten, sie zu Papier zu bringen. Es waren zumeist Märchen für die liebe Iugend, von denen das erste Buch unter dem Titel »Liedermärchen« 1872 im Verlag von Winkelmann und Söhne herauskam. Einige Iahre später erschien ein zweites Märchenbuch von ihr im Verlag von Dietrich Soltau, Norden »Aus meinen Träumen« betitelt, welches mehr für die heranwachsende Iugend bestimmt war. Bald aber genügte es ihr nicht mehr, nur märchenhafte Phantasiegebilde zu schaffen, ihre Feder sollte nicht nur unterhalten, sondern auch zu ernsten Gedanken anregen, so widmete sie sich ganz der sogenannten christlichen Volksund Iugendlitteratur. Im Verlag der Christlichen Volksund Iugendschriften erschien 1874 »Die kleinen Schatzgräber«. Dann in demselben Verlage Iahr für Iahr ein Bändchen: »Adventszeit Weihnachtsfreud«, »Bilder aus dem Kinderleben« u.v.a. Auch im Werke s. Annette Weditz.","‒ Unter dem roten Regenschirm. Scherz u. Ernst in Erzählg. u. Märchen f. Mädchen von 10–14 Iahren. 2. Aufl. 8. (279 mit 4 Farbendrucken.) 1893, 1894. Wolfenbüttel, I. Zwissler. geb. n 4.–"
Weditz Annette,117277800,female,"Weditz, Annette, Biographie s. Anna v. Dewitz.","‒ Adventszeit u. Weihnachtsfreud. 12. (102) Berlin 1876, Hauptverein f. christliche Erbauungsschriften. –.60 ‒ Aus meinen Träumen. 16. (194) Norden 1877, Soltau. 2.50; geb. 4.– ‒ Bilder a. d. Kinderleben. 3. Tl. Kl. Erzählgn. f. d. Iugend. 12. (104) Ebda. 1882. –.60 ‒ Dasselbe. 1. u. 2. Tl. (112 u. 132) 1880. –.70; –.60 ‒ Des Lumpensammlers Pflegekind. Eine Erzählg. f. d. Volk. 8. (215) Hamburg 1880, Agentur des Rauhen Hauses. 1.20 ‒ Die kleinen Schatzgräber. Eine Erzählg. 8. (224) Berlin 1874, Hauptverein f. christliche Erbauungsschriften. 1.20 ‒ Lieder-Märchen f. Kinder. 8. (301 m. 1 L.) Berlin 1872, Winckelmann & Söhne. geb. 1.50 ‒ Treue im Kleinen. (96) Berlin 1884, Hauptverein f. christliche Erbauungsschriften. –.60"
Luckner Mathilde,117279692,female,"Luckner, Gräfin Mathilde, Ps. A. v. Stormarn, geboren am 21. März 1851 in Kiel, schrieb Novellen und Feuilletons. Gestorben. Rest an Deubler in Wien, vergriffen.","‒ Ich und Nicht-Ich. 8. (306) Leipzig 1886, Peterson. n 4.–"
Schlatter Anna,117281859,female,"Schlatter, Anna, geboren den 5. November 1773 in St. Gallen, gestorben den 25. Dezember 1826. W. v. d. Heydt, u. K. Zahn. Frauenbriefe. Hrsg. v. A. Zahn. Neue Ausg. 8. (411) Halle 1891, I. Frickes Verlag. 1.50; geb. 2.25","‒ Briefe an ihre älteste Tochter. 8. (100) Berlin 1894, Buchhandlg. der Deutschen Lehrer-Zeitung. 1.–; geb. 1.50 ‒ Ehestands-Büchlein. Eine Festgabe für Brautu. Eheleute. Neue Ausg. 16. (102) Basel 1887, Geering. geb. m. Silberschn. n 1.60"
Ludwig Julie,117283355,female,"Ludwig, Iulie, eine Nichte des Dichters Otto Ludwig, geboren am 23. November 1832 in Gräfenthal, Thüringen, gestorben am 13. September 1894 in Arnstadt, Thüringen. , Katharina Diez und Elisabeth Grube. Bilder aus dem Krieg. 1866.","‒ Altes u. Neues. 4 Erzählgn. 1. Sammlg. 8. (328) Düsseldorf 1868, Budich. n 4.50 ‒ Aus goldner Zeit. Erzählgn. f. d. Iugend. 8. (272 m. 6 Chromol.) Stuttgart 1884, Kröner. geb. 4.50 ‒ Blumen am Wege. 5 Erzählgn. f. Mädchen. 3. Aufl. 8. (147 m. 4 Farbdr.-Bildern.) Stuttgart 1897, F. Loewe. geb. 3.– ‒ Im Frühlicht. Von junger Herzen Freud u. Leid. Märchen u. Erzählgn. 8. (292 m. 6 Chromol.) Stuttgart 1887, Union. geb. 4.50 ‒ Im kühlen Grund u. andre Geschichten. 8. (236) Minden i. W. 1890, Bruns. n 2.50; geb. n 3.50 ‒ Mein Grossoheim u. andere Geschichten. 8. (211) Stuttgart 1884, Spemann. n 1.– ‒ Schloss Heimburg. Bilder a. d. Zeit d. 30jähr. Krieges. 12. (63 m. Illustr.) Stuttgart 1883, Kröner. n –.20; geb. n –.60"
Schulze-Smidt Bernhardine,117284106,female,"*Schulze-Smidt, Frau Bernhardine, Ps. E. Oswald, Bremen, Meinkenstrasse 70, geboren auf Gut Dungen bei Bremen den 19. August 1846 als die älteste Tochter des Senators Smidt, verlebte sie im Kreise einer grossen Familie, deren Mittelpunkt der Patriarch, der alte Bürgermeister Iohann Smidt zu Bremen, der Gründer Bremerhafens, war, eine reiche und glückliche Iugend. Die poetische Veranlagung B.'s entwickelte sich unter dem geistigen Einfluss ihres bedeutenden Vaters zur vollen Blüte. 1869 verheiratete sich B. mit dem Regierungsrat Schulze, den sie nach 17jähriger Ehe durch den Tod verlor. Sie wohnte dann einige Iahre in München und nahm später ihren dauernden Wohnsitz in Bremen.","‒ Alard. Epos. Bremen 1877, Kühlmann. ‒ Aus Heimat u. Fremde. 2 Nov. 1875. ‒ Bleistift-Skizzen. Erinnergn. an die Pariser Weltausstellg. von 1889. 8. (93) Bremen 1890, Kühtmann. 1.50; geb. 2.25 ‒ Constantinopel. Friedliche Reiseerinnergn. 8. (197) Dresden 1897, C Reissner. 3.–; geb. 4.– ‒ Deutsche Geisterstimmen. Vaterländ. Festsp. 8. (33) Berlin 1884, Mittler & Sohn. –.75 ‒ Er lebt. Erzählg. 2. Aufl. 8. (298) Bielefeld 1892, Velhagen & Klasing. 2.–"
Schulze-Smidt Bernhardine,117284106,female,"Schulze-Smidt, Bernhardine. Fern von der Welt Getriebe. 2 Nov. 1874. u. Gül hanendé Assim-Agha. Rosenblätter. Lieder u. Sprüche des Volkssängers u. Improvisators A.-A. Dem Neutürk. nachgedichtet v. B. S.-S. 8. (148 m. farb. Umrandgn. u. 4 Bildern.) Leipzig 1893, Schmidt & Günther. 3.–; geb. 4.50 u. Pauline Endmannsdörfer. Türkische Liebeslieder m. Texten des Assim-Agha Gül-Hanandé. 2. Aufl. Berlin. u. Ios. Rheinberger. Vom goldenen Horn. Türkisches Liederspiel f. Solostimmen, gemischten Chor u. Pianoforte. Komponiert von Rh. Op. 182. Text nach dem Neutürk. des Assim Agha Gül hanendé v. B. S.-S. 8. (10) Leipzig 1885, F. E. C. Leuckart. –.20","‒ Franzosengeschichten. 3 Nov. Dresden 1898, Carl Reissner. 3.– ‒ Holde Siebzehn. Erzählg. für junge Mädchen. 2 Aufl. 8. (414 m. 6 Tonbildern) Bielefeld 1897, Velhagen & Klasing. geb. 5.50 ‒ Im Aquarium. Nov. 1876. ‒ Inge von Rantum. Eine Sylter Nov. 4. Aufl. 8. (264) Koblenz 1895, W. Groos. geb. 4.– ‒ In Moor u. Marsch. Rom. aus dem Iahre 1812. 8. (442) Bielefeld 1893, Velhagen & Klasing. geb. 5.50 ‒ Iugendparadies. Eine wahre Geschichte für die Kinder u. ihre Freunde. 8. (326 m. 6 Bildern) Ebda. 1895. geb. 5.50 ‒ Kein Gitter hindert Cupido. Rom. 8. (265) Dresden 1897, Carl Reissner. 3.–; geb. 4.– ‒ L'Omicida. Il Bricconcello. 2 Novellen. 8. (315) Ebda. 1895. 5.–; geb. 6.– ‒ Mellas Studentenjahr. Eine Backfischgeschichte. 2. Aufl. 8. (302 m. 6 Tonbild.) Bielefeld 1897, Velhagen & Klasing. geb. 5.50 ‒ Mit dem Glücksschiff. Eine Geschichte zu Wasser n. zu Lande für junge Mädchen. 8. (345 m. 6 Bildern.) Ebda. 1896. geb. 5.50 ‒ Pave, der Sünder. Eine Geschichte aus Dalmatien. 8. (347) Stuttgart 1896, Deutsche Verlags-Anstalt. 5.–; geb. 6.– ‒ Pfadfinder. 2 Erzählgn. 8. (400) Bielefeld 1889, Velhagen & Klasing. 3.– ‒ Russische Sagen. In freier Nachdichtg. 8. (63) Gotha 1885, F. A. Perthes. 5.– ‒ So wachsen deiner Seele Flügel! Rom. 2. Aufl. 2 Bde. (569) Stuttgart 1897, Deutsche Verlagsanstalt. 6.– ‒ u. – Türkische Liebeslieder. Duette. Ebda. ‒ Weltkind. Eine Idylle aus dem Rheingau. 12. (248) Dresden 1896, C. Reissner. 3.–; geb. 4.– ‒ Wenn man liebt. Eine Geschichte in 4 Büchern. 8. (392) Bielefeld 1892, Velhagen & Klasing. geb. 5.– ‒ Zwei Novellen. (Tote Kohlen. Il Pomo d'oro.) 8. (308) Gotha 1883, F. A. Perthes. 4.–"
Bern Olga,117285064,female,"*Bern, Olga, Ps. Olga Wohlbrück, Moskau, Bolschaja Iakimanka, Dom Nirnhoff, ist am 5. Iuli 1867 in Wien geboren, verbrachte aber Kindheit und erste Iugend in Russland und schrieb schon als zehnjähriges Kind kleine Erzählungen in deutscher, französischer und russischer Sprache, deren Erfolg in ihr den Wunsch wach rief, Schriftstellerin zu werden. Durch einen Hauslehrer vorgebildet, bezog sie das Kiewer Mädchengymnasium und absolvierte es nach vollendetem 15. Lebensjahre. Ihre lebhafte Phantasie und der sich schon früh geltend machende Gestaltungsdrang zogen sie unwiderstehlich zur Bühne, der schon viele ihrer Familie seit über ein Iahrhundert angehörten. Sie erlangte auch die Erlaubnis ihrer Eltern, sich bei der in Paris lebenden Grossmutter zur Bühne vorzubereiten. Nach drei Iahren angestrengten Studiums, trat sie ihr erstes Engagement am Théâtre National de l'Odéon an, siedelte aber nach ihrer Verheiratung mit dem deutschen Schriftsteller Maximilian Berg nach Berlin über, wo bei fortgesetzter schauspielerischer Werke s. Olga Wohlbrück.",.
Wohlbrück-Bern Olga,117285064,female,"Wohlbrück-Bern, Olga, derzeitige Adresse: Berlin W., Lützowufer 13. Biographie s. Olga Bern. Berichtigung: Olga Bern ist nicht Pseudonym, sondern der Mädchenname, den sie sowohl im litterarischen wie auch im bürgerlichen Namen weiterführt.","‒ Aus drei Ländern. 3. Aufl. 8. (291) (1894) 1896, Leipzig, G. H. Meyer. 4.–; geb. 5.– ‒ Besonderer Umstände halber. Lustp. 8. (49) Berlin 1896, E. Bloch. 2.– ‒ Carriere. Rom. 8. (250) Berlin 1892, Verein der Bücherfreunde. 3.–; geb. 3.75 ‒ Glück. Nov. 8. (293) Berlin 1893, Weimar, E. Felber. 4.–; geb. 5.– ‒ Novellen. 2. Aufl. (v. Unauslöschlich u. andere Nov.). 8. (256) (1892) 1894, Berlin, Aug. Schultzes Verlag. 1.– ‒ Unauslöschlich und andere Nov. 8. (256) Ebda. 1892. 350; geb. 4.50; erm. Pr. 1.–; geb. 1.50 ‒ Vater Chaïm u. Pater Benediktus. Das Recht auf Glück. Zwei Erzählgn. 2. Aufl. 8. (342) Leipzig 1895, G. H. Meyer. 3.–; geb. 4.– ‒ Vortragsmappe. 8. (290) Halle a. S. 1893, Herrn. Gesenius. 2.40; geb. 3.20"
Deutsch Karoline,117291226,female,"Deutsch, Karoline, s. Karoline Weiss. Inhalt: 1. Besiegt. – Die Tochter des Hirten. (319) – 2. Honka. (202)","‒ Aus Drang und Not. Erzählg. 16. (250) Prag 1897, Iakob B. Brandeis. –.20 ‒ Erzählungen. 2 Bde. 8. Hamburg. O. Meissner. n 6.– ‒ In letzter Stunde. Nov. 8. (292) Leipzig 1897, P. Braun. 2.– ‒ Über Klippen. Rom. 2 Bde. 8. (390) Dresden 1894, C. Reissner. n 6.–"
Schumacher Tony,117293962,female,"*Schumacher, Frau Tony, Stuttgart, Olgastrasse 33, geboren den 17. Mai 1848 in Ludwigsburg als Tochter des Generallieutenants v. Baur-Breitenfeld, Gattin des Geh. Hofrats v. Schumacher in Stuttgart. Ausser den hier angeführten Werken hat sie Verschiedenes in illustrierten und belletristischen Iournalen veröffentlicht. Einzelne ihrer Werke hat sie selbst illustriert.","‒ Du und deine Hausgenossen. 8. (117) Ravensburg 1897, Otto Maier. 1.25; geb. 1.80 ‒ Eine glückliche Familie. Eine hübsche Geschichte u. Anleitg., wie Kinder im Haushalte helfen u. zum Glück der ihrigen beitragen können. 8. (148) Stuttgart 1896, Levy & Müller. geb. 2.50 ‒ Ich gratuliere! Sammlg. von Gelegenheitsgedichten, kleinen Scherzen u. Aufführgn. zu Familienfesten f. uns. Kinderwelt. 8. (122) Leipzig 1883, Spamer. 2.–; kart 2.50 ‒ Lottchen und Gertrud od. Grossmutters Holzpuppe u. der Enkelin Wachspuppe. Vergleichende Erzählg. in Reimen aus der guten alten Zeit u. der Neuzeit, 8. (128) Ebda. 1885. 2.–; kart. 2.50 ‒ Mütterchens Hilfstruppen. Eine hübsche Geschichte u. Anleitg., wie Knaben u. Mädchen im Haushalte helfen können. 8. (156) Stuttgart 1895, Levy & Müller. geb. 2.50 ‒ Schulleben. Eine Geschichte für jung u. alt zum Lachen u. Weinen. 8. (158) Ebda. 1897. geb. m. Schwamm 3.–"
Stolberg-Stolberg Luise,117301248,female,"Stolberg-Stolberg, Gräfin Luise zu, geboren den 13. Iuni 1799, gestorben den 15. August 1875 zu Stolberg.","‒ Die grüne Stube. 16. (110) Berlin 1865, van Muyden. geb. 3.– ‒ Königslieder. 8. (46) Berlin 1858, Paetel. 1.25; geb. 3.– ‒ Zum Gedächtnis König Friedrich Wilhelm IV. v. Preussen. Königslieder. 8. (132) Berlin 1867, v. Decker. 3.–; geb. 6.–"
Werner Julie,117304166,female,"Werner, Iulie, Ps. K. Dilthey.","‒ Einsame Blumen. Eine Erzählg. f. heranwachs. Mädchen. 8. (253) Stuttgart 1885, Krabbe. geb. 3.– ‒ Erinnerungen e. jung. Frau. 2. Aufl. 8. (174) Stuttgart 1883, Cotta. 3.–; geb. 4.– ‒ Freund Goethe. 8. (237) Ebda. 1884. 3.–; geb. 4.– ‒ Ringen u. Streben. Erzählgn. f. junge Mädchen. 8. (242) Stuttgart 1887, Krabbe. geb. 3.– ‒ Unser Klärchen. Eine Erzählg. f. junge Mädchen. 8. (213) Ebda. 1895. geb. 3.– ‒ Verschollen, doch nicht vergessen! Erzählg. aus vergangener Zeit. 8. (201) Basel 1892, Schweiz. Verlags-Druckerei. 2.–"
Stosch Helene,117304700,female,"Stosch, Helene. Heimreise von Indien über Palästina. Bericht der Heimreise des Missionar Stosch u. seiner Familie im Frühj. 1892. 8. (33 m. 5 Abbildgn.) Leipzig 1896, I. Naumanns Sortiment. –.40",.
Franz Henriette,117312002,female,"Franz, Henriette, Biographie s. Franziska v. Pelzeln.",.
Siking Franz,117312002,female,"*Siking, Franz, Mannheim, H. 8, III, ist das Pseudonym einer Dame. Sie ist am 1. November 1845 in Mannheim geboren, »wahrscheinlich in einer sehr stürmischen Stunde, in welcher der Mond mit einer düsteren Wetterwolke kämpfte,« denn sie hatte »eine sehr ernste Kindheit und sorgenschwere Iugend«. Sie hatte sich früh an geistige Arbeit gewöhnt. Anfänglich verbrannte sie die Kinder ihrer Muse »haufenweise«, bis eine Tragödie aus ihrer Feder in die Hände eines befreundeten Gelehrten fiel, der sie aufforderte, ihre Arbeiten zu veröffentlichen. Sie fürchtete sich jedoch vor der Öffentlichkeit und lernte nunmehr nur noch eifriger. Sie »studierte jahrelang Tag und Nacht und wurde Assyriologe, Parse, Indologe und Germanist«. Ihre ersten novellistischen Arbeiten wurden in der »Neuen Musikzeitung« veröffentlicht. Dann folgte ihr Roman »Die Rose von Urach«, der in kurzer Zeit eine neue Auflage erfuhr und ihr die Aufforderung seitens der Redaktion der »Gartenlaube« eintrug, einen Roman einzusenden. Dieser Aufforderung kam sie nach und schickte der »Gartenlaube« den »Albertus Magnus und Gerhard von Riehl« ein, den sie aber, trotzdem die Redaktion das Erscheinen desselben bereits ankündigte, wieder zurückzog, weil die Redaktion nur die Fabel, nicht aber die historische Grundlage und die philosophische Vertiefung desselben bringen wollte, womit sich die Verfasserin nicht einverstanden erklärte. Die diesbezügliche Korrespondenz zwischen Verfasserin und Redaktion wurde von der ersteren veröffentlicht und von einer Züricher Firma als Broschüre verlegt, unter dem Titel »Ein Kampf gegen die Gartenlaube«, welche seiner Zeit grosses Aufsehen erregte, aber auch zur Folge hatte, dass der Grossherzog Friedrich von Baden das Streitobjekt »Albertus Magnus und Gerhard von Riehl« dem Drucke übergeben liess. Hierauf sind mehrere epische und andere Dichtungen und Erzählungen teils in Buchform, teils in Zeitschriften veröffentlicht worden. »Die Geisterharfe« wurde von dem berühmten Maler Grot-Iohann illustriert. Ihr eigentliches Feld war jedoch das Drama. Es entstand am Ende der achtziger Iahre die Barbarossatetralogie. Nach langen Kämpfen erreichte sie die Aufführung ihres »Kaiser Friedrich I.« am grossherzoglichen Hoftheater zu Mannheim. Das Drama hatte grossen Erfolg und wurde auch von anderen Bühnen aufgeführt. Gleichen Erfolg hatte das zum Hohenstaufencyklus gehörige Drama »Beatrice«. Es entstanden hierauf mehrere andere Dramen.","‒ Albertus Magnus und Gerhard von Riehl. Erzählg. aus dem 13. Iahrh. 8. (238) Karlsruhe 1890, Braun. 3.60 ‒ Beatrice. Histor. Tragödie. 16. (94) Leipzig 1894, Ph. Reclam jr. –.20 ‒ Der Geist der Wahrheit. Babylonische Tragödie. 1896–1897. ‒ Des Nordlands Königstochter. Eine ep. Märchendichtg. 2. Aufl. 16. (182) Frankfurt a. M. 1891, Sauerländer. geb. m. Goldschn 3.–"
Siking Franz,117312002,female,"Siking, Franz. Die Rose Ton Urach. Histor. Rom. 2 Bde. 8. (475) Mannheim 1883, Nemmich. 8.– 2. Aufl. Leipzig 1884, W. Besser. 4.–; in 1 Bd. geb. 5.50","‒ Ein Kampf mit der Gartenlaube. 8. (45) Zürich 1887, Verlags-Magazin. –.60 ‒ Gersemi. Urgerman. Märchen. Köln 1887, Tonger. ‒ Kaiser Friedrich I. 2. Tl. der Barbarossatetralogie. Schausp. in 5 Aufz. nebst einem Vorsp. 8. (114) Stuttgart 1893, Bonz & Co. 1.50 ‒ Kalidása. Indisches Drama. 1893. ‒ Sardanapal. Assyrische Tragödie. 1895–1896. ‒ Saul und David. Oratorium. 1886."
Strauss Henriette,117312002,female,"Strauss, Frau Henriette, geb. Netter, Mannheim, geboren den 1. November 1845 zu Bühl in Baden. Frau H. St. ist seit längerer Zeit Referentin für Theater und Kunst eines Mannheimer Blattes.","‒ Kaiser Heinrich IV. ‒ Sewahi. Ein dramat. Gedicht. 8. (91) Strassburg 1872, Schneider. 2.50"
Louran Hermine,117313483,female,"*Louran, Frau Hermine, geb. Frick, Ps. H. Waldemar, Zittau, Iuststrasse 5 III, geboren am 26. März 1855 in Frankenthal in der Pfalz, hat sie eine ganz vorzügliche Bildung im Elternhause genossen. Nachdem sie erwachsen war, wirkte sie als Erzieherin bis zu ihrer Verheiratung. Die schriftstellerischen Anlagen zeigten sich schon während der Schulzeit bei der Abfertigung von Aufsätzen u.s.w. Im Iahre 1884 jedoch erst entschloss sie sich, mit einer kleinen Arbeit einen Versuch zu machen. Als dieser geglückt war, gab sie sich mit Freude und Lust dem Berufe hin, der, als das Schicksal sie hart anfasste, ihr Trost und Stütze wurde. Werke s. H. Waldemar.",.
Schlegel Christ. Karoline,117313890,female,"Schlegel, Christ. Karoline, geb. Lucius, geboren den 7. Dezember 1739 in Dresden, gestorben 1832 ebenda.",.
Ludecus Johanna Caroline Amalie,117314609,female,"Ludecus, Iohanna Caroline Amalie, geb. von Kotzebue, Ps. Amalie Berg, geboren den 16. November 1757 in Wolfenbüttel, gestorben 1827 in Weimar.",.
Urbantschitsch Minna,117314838,female,"*Urbantschitsch, Frl. Minna, Wien I, Parkring 2, wurde am 28. Oktober 1873 in Wien als die Tochter des Professors der Medizin an der dortigen Universität, Viktor U., geboren. In glücklichen Verhältnissen aufgewachsen und mit grosser Sorgfalt erzogen, bethätigte sich frühe ihre Phantasie in der Erfindung von Märchen und Allegorieen. Ihren Unterricht in der Poesie erhielt sie 1893 von Freiherrn Alfred von Berger. Mit Vorliebe wendet sie sich der lyrischen Poesie zu.","‒ Schneerosen. Gedichte. 8. (111) Dresden 1895, E. Pierson. 1.50; geb. 2.50"
Luigi Gola,117315001,female,"Luigi, Gola, Biographie s. Olga Luis.",.
Luis Olga,117315001,female,"*Luis, Frl. Olga, Ps. Gola Luigi, Hannover, Prinzenstrasse 18 I, Tochter eines Kaufmannes, am 16. Iuni 1858 in Hamburg geboren, genoss sie eine sehr gute Erziehung, machte grössere Reisen und zog dann nach Hannover. Schon während der Schulzeit wurden kleine Rätsel in Versen von Olga in heimischen Blättern abgedruckt. Dann hat sie sich der Malerei gewidmet, da aber der Mangel an Kompositionstalent kein eigenes Schaffen zuliess, wandte sie sich der Schriftstellerei zu. Sie schreibt Novellen, Skizzen, Gedichte für Tagesblätter und Zeitschriften.",.
Schuselka-Brüning,117316504,female,Schuselka-Brüning. Der Reichtum des Arbeiters. 1864.,"‒ Ein verlorener Vater. Charakterlustsp. von A. Dumas, bearbeitet von Sch.-Br."
Paulus Karoline,117321435,female,"Paulus, Karoline, geb. Paulus, (Eleutheria Holberg), geboren am 14. September 1767 in Schorndorf, gestorben zu Heidelberg.",.
Lina Schwester,117322040,female,"Lina, Schwester, s. Lina Katter.","‒ Margarete. Aus den Erlebnissen e. Gemeinde-Diakonisse. Der Wirklichkeit nacherzählt. 8. (20) Berlin 1896, Th. Fröhlich. n –.70"
Vagt Lina,117325147,female,"*Vagt, Frl. Lina, Wismar, Gr. Hohestrasse 5, daselbst am 1. März 1832 geboren. Ihr Vater war Schiffskapitän, der stets auf Reisen war, ihre Mutter eine einfache Frau, die nur 1/ 4 Iahr lang die Schule besuchte. In diesen einfachen Verhältnissen wuchs L.","‒ Ein Geheimnis u. andere Novellen. 8. (309) Erfurt 1895, E. Moos. 2.–; geb. 2.60 ‒ Fern u. Nah. Gedichte. 16. (165) Zerbst 1871, Römer & Sitzenstock. 1.50 ‒ Reflexe der Zeit. Nov. 2 Bde. 8. (618) 1868, 1869 Ebda. à 3.–"
Schwab Frida,117325937,female,"Schwab, Frida, Frankfurt a. M., geboren den 25. Ianuar 1856 in Dürkheim. Sie ist als Malerin und Schriftstellerin thätig.","‒ Fata Morgana. Dichtungen. 8. (160) München 1894, Münchner Handelsdruckerei u. Verlagsanstalt M. Poessl. 2.–"
Hellmuth Martha,117326305,female,"Hellmuth, Martha, Biographie s. Martha Schlesinger.","‒ Gedichte. 8. (153) Berlin 1882, A. Duncker. 3.–; geb. m. Goldschn. n 4.– ‒ Lieder des Pagen Cherubin. Illustr. v. Fritz Wichgraf. 8. (160) Ebda. 1883, geb. 4.– ‒ Wieland der Schmied. Zwei grosse deutsche Volkssagen u. zahlreiche lyrische u. epische Gedichte. Berlin 1883, Stuttgart, Union. 3.–; geb. 4.50"
Schlesinger Martha,117326305,female,"*Schlesinger, Frau Martha, Ps. Martha Hellmuth, Berlin, Kurfürstendamm 254 I, am 8. Februar 1854 in Berlin als Tochter des Kaufmanns Simon Avellis geboren, ist sie mit dem Bankier Emil Schlesinger verheiratet. Sie hat schon mit 14 Iahren lyrische Gedichte geschrieben, später wandte sie sich mehr epischen Stoffen zu. Im Iahre 1882 erschienen im Verlage von Alexander Duncker ihre ersten lyrischen und epischen Gedichte. Im Iahre 1889 erschien »Wieland der Schmied« bei F. & P. Lehmann. Zahlreiche Gedichte, Novellen und Skizzen sind in Zeitschriften verstreut und grössere epische Dichtungen, wie: »Dina«, ein biblisches Gedicht, »Das Märchen von den sieben Raben und der treuen Schwester«, »Merlin, der Sohn des Teufels«, »Der fliegende Holländer«, »Fortunat mit dem Glücksseckel«, »Das Märchen vom König Drosselbart«, »Ruth«, u.a., ein biblisches Gedicht und andere befinden sich in Vorbereitung. Werke s. Martha Hellmuth.",.
Schlichtkrull Aline,117327379,female,"Schlichtkrull, Aline von, Romanschriftstellerin, geboren den 20. November 1832 auf der Insel Rügen, gestorben den 5. März 1863 in Berlin. 1. Abt. Der Kardinal von Richelieu. 4 Bde. (1035) 11.25 2. Abt. Cordelia. 3 Bde. 9.–","‒ Chapelle-Gaugain. 1. u. 2. Abt. 8. Görlitz 1855, 1857, Remer."
Schlick Elise,117327433,female,"Schlick, Gräfin Elise, geboren 1790 oder 1792 in Prag, gestorben ebenda 1855.",.
Rivutat Herbert,117329053,female,"Rivutat, Herbert. Biographie s. Freifrau Gabriele von Schlippenbach.",.
Schlippenbach Gabriele,117329053,female,"*Schlippenbach, Freifrau Gabriele von, Ps. Herbert Rivutat, Libau Kurland, Wilhelminenstrasse 26. Geboren am 22. Oktober 1846 in Fischröden in Kurland, Kreis Grobin, Tochter des Freiherrn Théophil von der Rapp aus dem Hause Paplacken, ist seit 1891 schriftstellerisch thätig für Zeitungsfeuilletons und Mitarbeiterin der Dünazeitung, der Baltischen Monatsschrift, der Schlesischen Zeitung u.v.a. Blätter. Seit 1872 ist sie mit dem Freiherrn Gustav von Schlippenbach vermählt. Seit ihrem zehnten Iahre dichtet sie. Freifrau G. v. Schl. schreibt hauptsächlich Novellen und kurze Erzählungen.",.
Almasy Wilhelmine,117337501,female,"Almasy, Gräfin, Wilhelmine. Gedichte. 2. Aufl. 8. (127) Wien 1867, Gerold's Sohn. 3.60",.
Almásy Wilhelmine,117337501,female,"Almásy, Wilhelmine, Gräfin von, s. Wilhelmine Gräfin Wickenburg-Almasy. Band II.",.
Wickenburg-Almásy Wilhelmine,117337501,female,"Wickenburg-Almásy, Gräfin Wilhelmine, geboren den 8. April 1845 in Ofen, gestorben den 23. Ianuar 1890 in Gries bei Bozen.","‒ Das Dokument. Schausp. in 3 Akten. ‒ Der Graf von Remplin. Eine Erzählg. in Versen. 16. (92) Wien 1874, Rosner. 2.40 ‒ Ein Abenteuer des Dauphin. Lustsp. 8. (23) Wien 1881, Künast. 1.20 ‒ Emanuel d'Astorga. Erzählendes Gedicht. 2. Aufl. 16. (100) Heidelberg 1875, Weiss. geb. 3.– ‒ Erlebtes u. Erdachtes. Gedicht. 8. (171) Ebda. 1873. 3.–; geb. 4.– ‒ Gedichte. 3. Aufl. 12. (310) Wien 1882, Gerolds Sohn 5.20 ‒ Letzte Gedichte. Aus dem Nachlasse der Verstorbenen, hrsg. von ihrem Gatten. 12. (244) Ebda. 1890. 3.– ‒ Marina. Ein erzählendes Gedicht. 16. (242) Heidelberg 1876, Weiss. 3.60; geb. m. Goldschn. 4.60 ‒ Neue Gedichte. 16. (134) Wien 1869, Gerolds Sohn. 3.– ‒ Radegundis. Dramatisches Gedicht in 1 Aufzuge. 16. (66) Wien 1879, Rosner. 1.60"
Siebenlist Ottilie,117338990,female,"*Siebenlist, Frl. Ottilie, Wien VIII, Auerspergstrasse 5, am 14. Oktober 1859 zu Pressburg in Ungarn geboren, genoss daselbst ihre Ausbildung und Erziehung und widmete sich alsdann der lyrischen Dichtung und der leichtern Novelle. Vieles davon ist in Pressburger, Wiener und auswärtigen Blättern, deren langjährige Mitarbeiterin sie ist, in der »Gesellschaft«, im »Deutschen Dichterheim« etc. erschienen. Sie ist die Schwester des Chefredakteurs des »Deutschen Dichterheims«, Dr. Aug. Siebenlist.","‒ Gespenster der Erinnerung. 8. (97) Zürich 1897, Verlag von Sterns Litterar. Bulletin der Schweiz. 2.–"
Weling,117343471,female,"Weling, Frl. von, Ps. Hans Tharau, schrieb Novellen.",.
Wellmer Meta,117345296,female,"Wellmer, Meta, Ps. M. Wirth, geboren 1832 zu Leonrod, Bayern, gestorben im August 1889 in Ebersdorf, Fürstentum Reuss.","‒ Deutsche Erzieherinnen u. deren Wirkungskreis. 3. Ausgabe. 12. (128) Leipzig 1890, Reinboth. 1.– ‒ Die vegetarische Lebensweise u. die Vegetarier. 3. Aufl. 8. (63) Berlin 1889, H. & H. Zeidler. –.75 ‒ Gedichte. 2. Aufl. 12. (107) Zürich 1883, Th. Schröter. 2.– ‒ Geistergeschichten aus neuerer Zeit. 3. Aufl. 8. (116) Leipzig 1884, Scholtze. 1.– ‒ Theophile. Eine Erzählg. 2. Ausg. 8. (108) Halle 1876, Mühlmann. –.80"
Wiechowski Wilhelmine,117346330,female,"*Wiechowski, Frau Wilhelmine, Ps. Fides, Prag-Smichow, Brückengasse 8, wurde am 3. Dezember 1834 in Zwickau in Böhmen als Tochter des Dr. med. Iohann Amadeus Meissner geboren. Sie erhielt in Prag, wohin ihre Eltern 1838 übersiedelten, eine sorgfältige","‒ Märchenbuch. 4. (240) Prag 1879, Tempsky. geb. 3.– ‒ Über die Ernährg. kleiner Kinder. 8. (16) Prag 1890, Deutscher Verein zur Verbreitg. gemeinnütziger Schriften. –.20 ‒ Zur Erziehung in der Familie. 8. (16) Ebda. 1891. –.30"
Kinderlieb Auguste,117346365,female,"□Kinderlieb, Auguste, Frau Pastor Strecker, gestorben in Anklam 1895.","‒ Berg-Grete u. ihr Vater. 12. (208) Berlin 1878, Hauptverein für christliche Erbauungsschriften. n 1.60 ‒ Der Kindertausch od. die treuen Geschwister. 16. (218) Ebda. 1880. 1.80 ‒ Die Familie Neels. Eine Dorfgeschichte. 16. (167) Ebda. 1876. 1.50 ‒ Die Grossmutter. Erzählg. für die reifere Iugend. 16. (67 m. 1 Chromolith.) Ebda. 1874. n –.70 ‒ Die kleine Liese. Ein Bild aus den Stunden der Sturmflut 1872 für die reifere Iugend. 16. (29) Ebda. n –.20 ‒ Die Perlen. Erzählg. f. die reifere Iugend 16. (20) Ebda. 1874. –.15 ‒ Die See-Röse od. eine Mutter, die ihre Kinder sucht. 12. (132) Ebda. 1884. 1.20 ‒ Ein reicher Lazarus u. ein armer Reicher. Volkserzählg. 12. (168) Ebda. 1895. n 1.– ‒ Engelschutz. 12. (108) Ebda. 1876. n –.80 ‒ Eva. Eine Erzählg. für junge Mädchen. 8. (213) Anklam 1897, H. Wolter, Verlag. geb. n 2.50 ‒ Fido od. die Geschwister im Buchwalde. Erzählg. für die reifere Iugend. 16. (96 m. 1 Chromolith.) Berlin 1874, Hauptverein für christliche Erbauungsschriften. n –.80 ‒ Mutter Ursel u. ihre Kinder, od. Gott führt wunderbar, Volkserzählg. 12 (182) Ebda. 1893. 1.– ‒ Naemi u. Salli Rubens od. Glaubenswege. Erzählg. für die reifere Iugend. 16. (90 m. 1 Chromolith) Ebda. 1874. n –.80"
Biller Clara,117347566,female,"□Biller, Frl. Clara, Ps. Peter Taren, Dresden, Nikolaistrasse 17, schreibt Novellen und Kunstkritiken.","‒ Ein Kuss als Einsatz. Nov. 8. (156) Dresden 1897, Carl Reissner. brosch. 1.50, geb. 2.– ‒ Señorita Paz u. anderes. 12. (272) Dresden 1896. E. Reissner. n 3.–, geb. n 4.–"
Struve Amalie,117349062,female,"Struve, Amalie, geb. Dusar, gestorben 1862 in Staten-Island.","‒ Die Zitherschlägerin. Rom. 1850. ‒ Erinnerungen aus den badischen Freiheitskämpfen. Den deutschen Frauen gewidmet. 12. (168) Hamburg 1850, Hoffmann & Campe. 2.– ‒ Historische Zeitbilder. I. Bd. A. u. d. T.: Westminster. 8. (279) Bremen 1850, Schlodtmann. 4.50"
El-Corrëi,117349968,female,"El-Corrëi. Peter Goddoms Tochter. Rom. 8. (371) Berlin 1897, Deutsches Verlagshaus Bong & Co. 4.–; geb. 5.50",.
El-Correï ,117349968,female,El-Correï. Biographie s. B. von Wilsrode.,"‒ Arme Suse. Rom. 8. (320) Leipzig 1897, Wilh. Friedrich. 4.–; geb. 5.– ‒ Die Hinterbliebenen eines – Unglücklichen. Rom. 2 Tle. in 1 Bd. (538) Ebda. 1896. 6.–; geb. nn 7.– ‒ Peter Goddons Tochter. Rom. Berlin 1897, Deutsches Verlagshaus Bong & Co. 4.–"
Melena Elpis,117360899,female,"Melena, Elpis, Biographie s. Marie Esperance v. Schwartz.","‒ Aufruf an alle deutschredenden Frauen und Iungfrauen jeden Standes, jeden Alters und jeder Stellung. Dresden 1879. ‒ Aufruf an die geehrten Vorsitzenden und Mitglieder der deutschen und österreichischen Tierschutzvereine. München 1879. ‒ Bilder aus Kreta. I–V. Unsere Zeit. Leipzig 1874, F. A. Brockhaus. ‒ Blätter aus dem afrikanischen Reisetagebuch einer Dame. Algerien und Tunis. 2 Bde. Braunschweig 1849, Vieweg & Sohn. ‒ Blick auf Calabrien und die Ligarischen Inseln im Iahre 1860. 8. (259) Hamburg 1861, Hoffmann & Campe. n 3.– ‒ Der junge Stelzentänzer. Episode während einer Reise durch die westl. Pyrenäen. 8. (300) Iena 1865, Maukes Verlag. 3.– ‒ Die Insel Kreta unter der ottomanischen Verwaltung. 8. (133) Wien 1867, Hilberg. 2.40 ‒ Dr. E. G. F. Grisanowski. Mitteilgn. aus seinem Leben u. seinen Briefen. Nebst einer Würdigg. der Schriften G.s von Emil Knodt. 8. (376) Hannover 1890, Schmorl & v. Seefeld Nachfolger. n 5.–; geb. n 6.– ‒ Erlebnisse und Beobachtungen eines mehr als 20 jährigen Aufenthaltes auf Kreta. 8. (296 mit 14 Phototyp. u. 1 Karte) Ebda. 1892. n 12.–; geb. n 15.– ‒ Garibaldis Denkwürdigkeiten. 2 Bde. 8. (474) Hamburg 1861, Hoffmann & Campe. 6.– ‒ Garibaldi im Varignano 1862 und auf Caprera im Oktober 1863. 8. (320) Leipzig 1864, O. Wigand. n 5.–"
Melena Elpis,117360899,female,"Melena, Elpis. Garibaldi. Mitteilgn. aus seinem Leben. Nebst Briefen des Generals an die Verf. 2. Aufl. 2 Teile in 1 Bd. 8. (439) Hannover 1886, Schmorl & v. Seefeld, n 3.–","‒ Gemma, od. Tugend u. Laster. Nov. 8. (261) München 1877, Georg Franz. n 3.– ‒ Hundert und ein Tag auf einem Pferde u. ein Ausflug nach der Insel Maddalena. 8. (308) Hamburg 1860, Hoffmann & Campe. 4.50 ‒ Kreta-Biene od. kret. Volkslieder, Sagen, Liebes-, Denku. Sittensprüche. 8. (56) München 1874, Franz. –.75 ‒ Meine Rechtfertigung als Tierschützerin in Kreta. Den Elenden der Insel Kreta in wärmstem Beileid gewidmet. Hannover 1894, Schmorl & v. Seefeld Nachfolger. ‒ Memoiren eines spanischen Piasters. 2 Tle. 8. (793) Braunschweig 1857, Vieweg & Sohn. n 9.– ‒ Von Rom nach Kreta. Reiseskizze. 2. Aufl. 8. (40) Iena 1870, Neuenhahn. n –.50"
Schwarz Sophie Agnes,117367893,female,"Schwarz, Agnes Sophie, aus Kurland, geb. Becker (1754–1789).",.
Meske Mathilde,117370231,female,"*Meske, Frau Mathilde, geb. Küttner, verwitwete Regierungsbaumeister, Steglitz bei Berlin, Fichtestrasse 47, bekannt unter ihrem Theaterund Schriftstellernamen Mathilde Veneta, am 27. Februar 1838 zu Burkau in Sachsen geboren. Im Alter von 14 Iahren schon darauf angewiesen, sich selbständig zu machen, widmete sie sich aus innerstem Drange ganz unvorbereitet der Bühnenlaufbahn und trat 1854 zu Meissen in einer kleinen Rolle zum erstenmale, 1858 am Hoftheater in Dresden auf. Zwei Iahre später erkrankte sie ernstlich und bedurfte es voller sieben Iahre der Pflege zur Herstellung der Gesundheit. Während dieser Zeit lebte sie meistens in Italien, Algier, Egypten, Korfu und deutschen Bädern. Erst im Iahre 1868 konnte sie ihre Thätigkeit als Schauspielerin wieder aufnehmen, zunächst in einem längeren Gastspiel in Mannheim, dem dann ein Engagement am Hofburgtheater in Wien folgte. An der Seite Marie Seebachs feierte sie 1870–71 Triumphe, die sich dann in San Francisco am deutschen Theater in monatelangem Gastspiel, und auch als die Künstlerin in englischer Sprache als Lady Macbeth auftrat, fortsetzten. Krank zurückgekehrt, übernahm sie nach ihrer Genesung 1873 die Direktion des damaligen Berliner Stadttheaters auf eigene Rechnung. Im Dezember 1875 verheiratete sie sich mit dem Regierungsbaumeister Meske. Im Winter 1885–86 war sie wieder fünf Monate lang im Residenztheater zu Berlin thätig und trat zum letztenmale auf in einer Vorstellung der »Freien Bühne« als Matrona in L. Tolstois »Macht der Finsternis« im Lessingtheater. Privatinteressen führten sie 1888 abermals nach Amerika, wo sie längere Zeit in Neu-Mexiko und Arizona zubrachte und das Indianerleben in nächster Nähe kennen lernte. Sie beschäftigte sich auch ausnahmsweise mit dramatischem Unterrichtgeben. Als Dichterin, Schriftstellerin und Iournalistin war sie gleichfalls thätig. Werke s. Mathilde Veneta.",.
Veneta Mathilde,117370231,female,"Veneta, Mathilde, Biographie s. Mathilde Meske.","‒ Dorcas Mora. Erzählg. aus dem Leben einer Schauspielerin. 1. Aufl. 1886. 2. Aufl. 1887. 8. (181) Berlin, Stuhr – Dresden, Hönsch & Tiesler. Vergriffen. 2.–; erm. Pr. –.50 ‒ Einsame Stunden. Gedichte. 1861. (Vergriffen.) ‒ Reisebriefe aus verschiedenen Epochen."
Wildermuth Adelheid,117380377,female,"*Wildermuth, Adelheid, Stuttgart, Ottilienhaus, geboren 3. Februar 1848 zu Tübingen, Württemberg, als Tochter des bekannten Pädagogen Prof. Dr. W. und der Schriftstellerin Ottilie W. (s. diese). Adelheid wuchs in dem glücklichen, vielfach angeregten Elternhaus mit 2 Geschwistern auf. Sie verlor die Mutter 1877, den Vater 8 Iahre später, lebte hierauf einige Iahre bei dem Bruder, der ärztlicher Vorsteher einer Anstalt für Schwachsinnige und Epileptische in Schloss Stetten i. B. war und übersiedelte nach seiner Verheiratung 1889 mit ihm nach Stuttgart, wo er als Arzt für Nervenleidende wirkt. A. W. übernahm die Leitung der Klinik, die er für seine Patienten gründete und die zur Erinnerung an die Mutter den Namen Ottilienhaus trägt. u. A. Willms, geb. Wildermuth. Ottilie Wildermuths Leben. Nach ihren eigenen Aufzeichngn. zusammengestellt u. ergänzt v. ihren Töchtern. 2. Aufl. 8. (415 m. 3 Abbildgn.) Ebda. 1889. 5.–; geb. 6.–","‒ Der Iugendgarten. Eine Festgabe. Gegründet v. O. W. Fortgeführt v. ihren Töchtern Agnes Willms u. A. W. 22. Bd. 8. (436 m. vielen Illustr.) Stuttgart 1896, Union. geb. (à) 6.75 ‒ Gut Freund. Erzählgn. 8. (310 m 6 Farbendr.) Ebda. 1891. geb. 4.50 ‒ Schule u. Leben. Erzählgn. für junge Mädchen. 3. Aufl. 8. (266) Stuttgart 1890, Krabbe. geb. 3.– ‒ Wollt ihr's hören? Erzählgn. für junge Mädchen. 3. Aufl. 8. (245) Ebda. 1896. geb. 3.–"
Henrich-Wilhelmi Hedwig,117381292,female,"*Henrich-Wilhelmi, Frau Hedwig, zur Zeit Degerloch bei Stuttgart, wurde als einzige Tochter des verstorbenen praktischen Arztes Dr. Henrich und der unter dem Pseudonym Paul Stein schriftstellernden Romanund Novellen-Dichterin Albertine Henrich, in Mainz geboren und erregte bereits in der frühesten Iugend grosse Hoffnungen hinsichtlich ihrer aussergewöhnlichen Die Werke können auch von der Verfasserin bezogen werden.","‒ Brigitte. Schausp. in 3 Akten u. e. Vorsp. Hannover, Theater-Agentur Edm. May. ‒ Das Recht der Frauen zum Studium u. ihre Befähigg. f. alle Berufsarten. 8. (40) Berlin 1894, W. Rubenow. –.50 ‒ Der Begriff der Gotteslästerung. Vortrag. Bericht üb. Verhaftg., Steckbrief u. Verürteilg. v. Frau Henrich-Wilhelmi. 8. (24) Ebda. 1891. bar –.15 ‒ Der freie Wille. Vortrag. 8. (15) Reichenberg 1894, I. Beranek. n –.15 ‒ Eine Sünderin. Drama in fünf Akten. 12. (78) Leipzig, Ernst Wiest Nachfolger. 4.– ‒ Gesammelte Vorträge. Milwaukee 1889, Freidenker Publishing Cie. ‒ Ist Religion Privatsache? Vortrag. 8. (15) Berlin 1894, W. Rubenow. n –.20 ‒ Leibliches u. geistiges Proletariat. 12. (15) Leipzig, Ernst Wiest Nachfolger. ‒ Physischer u. sittlicher Mut. 12. (15) Leipzig, E. Wiest Nachfolger. –.10 ‒ Tod u. Feuerbestattung. Vortrag. 8 (13) Stuttgart, Metzlers Sortiment, nn –.35"
Susan Friederike,117381705,female,"Susan, Friederike, geborne Salzer, geboren den 14. November 1784 in Seekirchen bei Salzburg.",.
Timme Marie,117385565,female,"□Timme, Frau Marie, geb. Ieserich, Ps. Villamaria, Berlin S. Köpenickerstrasse 22. Werke s. Villamaria.",.
Silling Elise Marie,117386243,female,"*Silling, Frl. Marie Elise, Dresden, Strehlenerstrasse 55, wurde am 22. Dezember 1845 in Stettin als Tochter des Kaufmanns Albert S. geboren. Seit dem Iahre 1869 vielfach auf Reisen, auch in Stellungen als Gesellschafterin und Erzieherin, siedelte sie nach dem Tode ihres Vaters 1888 mit ihrer Mutter nach Dresden über. 1888 erschien ihr erstes Buch »Familie Schrötter«, dem mehrere andere folgten. M. S. ist Mitarbeiterin verschiedener Frauenzeitungen und Iugendschriften.","‒ Besprechung der Vorträge des Hrn. Professor Fritz Schultze »Üb. das Seelenleben des Weibes«. 8. (18) Leipzig 1896, F. A. Berger. –.20 ‒ Die Familie Schrötter od. Haus u. Welt. Eine Erzählg. für junge Mädchen. 8. (192 m. Illustr.) Berlin 1888, H. I. Meidinger. geb. 3.– ‒ Lotte. Erzählg. f. junge Mädchen. 8. (132 m. Illustr.) Leipzig 1892, G. Wigand. 2.50; geb. 3.– ‒ »Sie lebt.« Ein Frauenschicksal. 2. Aufl. 8. (248) (1895) 1897 Leipzig, F. A. Berger. 2.50; geb. 3.75"
Tipka Luise,117386774,female,"Tipka, Luise, s. Luise Weinlich.","‒ Gedichte. 8. (96) Prag 1859, Bellmann. 3.–"
Weinlich Luise,117386774,female,"*Weinlich, Luise, Graz, bekannter unter ihrem Mädchennamen Luise Tipka, wurde zu Günz in Ungarn geboren, zeigte frühzeitig Neigung und Anlage für Musik. Sie wurde zur Sängerin ausgebildet und sang mehrere Iahre auf verschiedenen Bühnen. In Paris, Mailand bildete sie sich weiter aus. Nach ihrer Verheiratung mit dem Militärkapellmeister Weinlich, 1867, liess sie sich in Graz nieder, wo sie eine Gesangschule errichtete. Werke s. Luise Tipka.",.
Versing-Hauptmann Anna,117390488,female,"Versing-Hauptmann, Anna, geboren 2. Oktober 1834 in Mainz, gestorben den 8. September 1896 in Weinberge bei Prag.","‒ Gedichte. 16. (175) Leipzig 1861, O. Wigand. 1.80; geb. 2.40 ‒ Iugendlieder u. Lebensbilder. Gedichte. 16. (267) Wien 1881, L. Rosner. 3.– ‒ Rollenschreiber. Nov. 1880. ‒ Verwirrt und gelöst."
Nahmer Johanna der,117391662,female,"Nahmer, Frau Iohanna v. der, Biographie s. Iohanna Szelinski.","‒ Gedichte. 1898. U. d. Presse. ‒ Hetärenbriefe. 8. (64) Leipzig 1895, W. Friedrich. 1.– ‒ Sonnenstäubchen. Gedichte. 1893. Verlag der Verfasserin."
Szelinska Johanna,117391662,female,"*Szelinska, Frau Iohanna, Ps. Georg Berg, Iohanna v. d. Nahmer, München, Renatastrasse 7, geboren am 6. Dezember 1857 zu Sidney in Australien als Tochter eines deutschen Vaters und einer englischen Mutter. 1866 kam sie nach Europa, lebte erst zwei Iahre am Rhein und zog dann mit ihren Eltern nach München, wo sie sich 1879 verheiratete. 1886 entstanden ihre ersten Gedichte und zwar in englischer Sprache. Seit 1893 ist sie schriftstellerisch thätig und schreibt unter dem Mädchennamen Iohanna von der Nahmer oder unter dem Pseudonym Georg Berg. Werke s. Iohanna von der Nahmer.",.
Wildermuth Agnes,117395110,female,"Wildermuth, Agnes, Biographie u. Werke s. Agnes Willms-Wildermuth.",.
Willms-Wildermuth Agnes,117395110,female,"*Willms-Wildermuth, Frau Agnes, Wiarden, Nordsee, Gr.-H. Oldenburg, am 23. August 1844 in Tübingen geboren als älteste Tochter des Gymnasialprofessors W. und der bekannten Schriftstellerin Ottilie W. (s. diese). Mit 19 Iahren verlobte sich A. mit dem damaligen cand. theol. Eduard W. aus Ostfriesland. Sie folgte ihm als Gattin nach Meldorf in Holstein, wo er als Pastor angestellt wurde, dann nach Oldenburg. Zu schreiben hat A. W. als ganz junge Frau angefangen. Seit 1876 giebt sie im Verein mit ihrer Schwester Adelheid W. (s. diese) den von ihrer Mutter Ottilie W. gegründeten »Iugendgarten« und seit 1897 die Monatsschrift »Wege und Ziele« heraus. Ottilie Wildermuth.) 6.75 u. Adelh. Wildermuth. Ottilie Wildermuths Leben. Nach ihren eigenen Aufzeichngn. zusammengestellt u. ergänzt von ihren Töchtern. 2. durchges. Aufl. 8. (415 m. 3 Abbildgn.) Stuttgart 1889, Union. 5.–: geb. 6.–","‒ Das Kind der Krabbenfrau. 12. (140) Stuttgart 1877, I. F. Steinkopf. –.75 ‒ Das Recht ohne Gott. Histor. Erzählg. 12. (120) Norden 1878, Soltau. –.50 ‒ Der Iugendgarten. (S. ‒ Des Marschlbauern Tochter. 8. (82) Nördlingen 1876, Beck. –.60 ‒ Des Menschen Herz u. Gottes Wege. Aus dem fries. Volksleben. 8. (85) Ebda. 1878. –.60 ‒ Deutsches National-Kochbuch. 12. Lfg. 8. (480) Stuttgart 1889, Levy & Müller. à –.40; geb. 5.20 ‒ Die beiden Boie. Ein Blatt aus der Reformationsgeschichte. 8. (104) Nördlingen 1880, Beck. –.80 ‒ Die Böcklenburg. Eine Erzählg. aus der Dithmarser Bauernschaft. 12. (104) Stuttgart 1878, I. F. Steinkopf. –.75 ‒ Die Erbin von Roseneck. Eine Erzählg. f. junge Mädchen. 2. Aufl. 8. (224) Stuttgart 1894, C. Krabbe. geb. 3.– ‒ Friedrich Perthes, ein deutscher Buchhändler u. Patriot. 12. (164 m. Titelbild) Stuttgart 1897, I. F. Steinkopf. geb. 1.50 ‒ Hohe Ziele od. das Wirken der christl. Iungfrau auf dem Gebiete der Familie, der weibl. Diakonie u. des öffentl. Lebens. 4. Aufl. 8. (237 m. Bildnis) Stuttgart 1896, Christliches Verlagshaus. geb. 4.–; in Prachtbd. m. Goldschn. 5.– ‒ Männersünden an Frauenherzen. Erzählgn. 8. (375) Stuttgart 1876, Kröner. 4.50; geb. 5.50 ‒ Mariechens Ideale. Greifenstein. Zwei Erzählgn. f. junge Mädchen. 8. (230) Stuttgart 1890, Krabbe. geb. 3.– ‒ Renée od. im Sturm erprobt. Geschichtl. Erzählg. f. junge Mädchen. 8. (169 m. 1 Heliogr.) Berlin 1893, H. I. Meidinger. geb. 3.– ‒ Rose u. Reseda. Beisammen. Zwei Novellen, der weibl. Iugend gewidmet. 8. (223) Stuttgart 1887, Union. geb. 4.– ‒ Von Heimat zu Heimat. Geschichtl. Erzählg. 8. (113) Nördlingen 1881, Beck. –.80 ‒ Wege u. Ziele. Monatsschrift für die christliche Frauenwelt zur Unterhaltg. u. zur Belehrg. über ihre verschiedenen »Arbeitsgebiete«. 1. Iahrg. April 1897 bis März 1898. 12 Hfte. (1 Hft. 32) Stuttgart, Verlag der »Wege u. Ziele«. vierteljährl. 1.–"
Straka Emilie,117398225,female,"*Straka, Frau Emilie, geb. Wimmer, Ps. Emilie Wimmer, Ioachimsthal, Böhmen, Sternplatz, geboren am 3. September 1854 zu Warnsdorf in Nordböhmen. Sie schreibt unter ihrem Mädchennamen Emilie Wimmer Gedichte, Reisebeschreibungen, Sagen und Märchen für verschiedene Zeitungen und Zeitschriften. Sie ist Mitarbeiterin der Vierteljahrsschrift »Mitteilungen des Nordböhmischen Excursionsklub« und der illustrierten Monatsschrift »Aus deutschen Bergen« herausgegeben von Dr. A. Moschkau und F. W. Krondorf, Aussig in Böhmen.",.
Winckel Ther. Emilie Henr.,117399620,female,"Winckel, Ther. Emilie Henr. aus dem, Ps. Comala und Theorosa, geboren 20. Dezember 1784 zu Weissenfels.","‒ Briefwechsel einer deutschen Fürstin mit einer jungen Künstlerin (Herzog August v. Sachsen-Gotha u. Altenburg u. Fräulein aus dem Winkel). Hrsg. v. Wolf v. Metzsch-Schilbach. 8. (307 m. 2 Bildnissen) Berlin 1893, K. Siegismund. 4.–; geb. 5.–"
Windscheid Katharina,117402184,female,"Windscheid, Dr. Katharina, Leipzig, Parkstrasse 11. Sie ist Leiterin des Gymnasiums für Mädchen daselbst und hat als solche einige kleine Artikel für Fachzeitschriften geschrieben.","‒ Die englische Hirtendichtung von 1579–1625. 8. (114) Halle 1895, M. Niemeyer. 2.80"
Sinnhold Philippine,117403059,female,"Sinnhold, Philippine. Der Ratgeber bei Festlichkeiten. 2. Aufl. 8. (207) Breslau 1860, Trewendt. 1.–",.
Sieber Elisabeth,117413674,female,"Sieber, Elisabeth. Im Reich der Winterfee. Weihnachtsfestsp. Leipzig, Ph. Reclam jr. –.20","‒ Rittmeisters Fränzchen. Sololustsp. 8. (12) Berlin 1891, E. Bloch. 1.– ‒ s' Resl von der Kampen-Alm. Solosp. mit Gesang. Leipzig, Ph. Reclam jr. –.20"
Trenkler-Sieber Elisabeth,117413674,female,"*Trenkler-Sieber, Frau Elisabeth, Basel, Birsigstrasse 83 I, geboren in Dresden am 23. Ianuar 1866 als Tochter eines Kaufmannes und","‒ Am Silberhochzeitsmorgen. Festsp. 16. (90) Leipzig 1894, Ph. Reclam jr. –.20 ‒ Ausgekniffen. Solosp. Ebda. –.20 ‒ Der Osterhase. Festsp. Ebda. –.20 ‒ Gedenktafeln für Familie u. Haus zur Aufzeichng. alter u. neuer Erinnergn. m. Begleit-Versen. 4. (196 m. farb. Umrahmgn.) Elberfeld 1895, S. Lucas, geb. 12.– ‒ Im Reich der Winterfee. Weihnachtsfestsp. Leipzig, Ph. Reclam jr. –.20 ‒ Karnevalszauber. Fastnachtssp. Ebda. –.20 ‒ Nach dem Hochzeitsfest. Solosp. Ebda. –.20 ‒ Prinzessin Tausendschön. Weihnachtsmärchen. (Manuskript.) –.20 ‒ Rittmeisters Fränzchen. Sololustsp. Berlin 1890, Ed. Bloch. 1.– ‒ 's Resl von der Kampenalm. Solosp. Leipzig 1890, Ph. Reclam jr. –.20 ‒ Was Mütterchen vom Liebling weiss. Erinnerungsblätter a. d. Kindes Lebenslauf m. Begleitversen. 4. (128 m. farb. Ornamenten u. 3 farb. Photogr.-Umrahrmgn.) Elberfeld 1894, S. Lucas. geb. 9.– u. 13.– ‒ Wjera. Drama in 2 Akten. 1896. (Manuskript.) –.20"
Schwerin Jeannette,117421987,female,"*Schwerin, Frau Ieannette, Berlin, An der Schleuse 13, ist 1852 als die Tochter des Arztes Dr. Abarbanell geboren, der sich durch sein gemeinnütziges Wirken, namentlich um die Hebung das Handwerkerund Arbeiterstandes viel Verdienste erworben hat. Er war Mitbegründer und langjähriger Vorsitzender des grossen Berliner Handwerkervereins. Auch ihre Mutter interessierte sich für Volkswohl und war eine der ersten Vorsitzenden des Frauenvereins zur Förderung der Fröbelschen Kindergärten. Ieannette wurde durch die Erziehung und das Beispiel der Eltern frühzeitig zu humanitären Arbeiten angeregt. Nach Absolvierung der höheren Töchterschule besuchte sie die 1869 von Lina Morgenstern begründete Akademie zur wissenschaftlichen Fortbildung für junge Damen. Mit dem Sanitätsrat Dr. Schwerin seit 25 Iahren verheiratet, wird sie von ihrem Gatten in ihren Bestrebungen auf das eifrigste unterstützt. Seit 6 Iahren hat Frau I. Sch. sich verschiedenen Vereinen angeschlossen, in","‒ Von welchen Bedingungen ist eine wirksame Armenpflege abhängig? Vortrag, gehalten zu Bristol vor einer Versammlg. von Armenpflegerinnen von Margaret Sewell. Autorisierte Übers. von I. Sch. 8. Berlin 1897, Ferd. Dümmler. –.20"
Truxa Celestina,117427527,female,"*Truxa, Frau Celestina, Wien IV/1 Karlsgasse 4, geboren zu Verona am 4. August 1858, ist Herausgeberin der »Verkehrs-Zeitung« und des Kalenders für Eisenbahnbeamte, Lokomotivführer und Kondukteure in Wien.",.
Villinger Hermine,117428035,female,"*Villinger, Frl. Hermine, Ps. H. Willfried, Karlsruhe, Iahnstrasse 1, geboren am 6. Februar 1849 in Freiburg im Breisgau, kam sie später nach Karlsruhe, wohin ihr Vater als Auditeur versetzt wurde. Sie hatte eine glückliche Kindheit und Iugend. Mit dreizehn Iahren kam sie ins Kloster nach Offenburg, wo sie drei Iahre blieb. Später ergriff sie der »Drang zur Kunst«, und sie wollte zum Theater. Werke s. auch H. Willfried. u. andere. Aus Wald u. Grund. Geschichten vom Schwarzwald. (214 m. H.) Freiburg i. B. 1897, P. Waetzel. 5.–; geb. 6.–","‒ Auch ein Roman u. andere Geschichten. 8. (207) Berlin 1890, F. & P. Lehmann, Stuttgart, Cotta Nachfolger. 3.–; geb. 4.– ‒ Aus dem Badener Land. Geschichten. 12. (277 m. Illustr.) Stuttgart 1898, Adolf Bonz & Co. 3.–; geb. 4.20 ‒ Aus dem Kleinleben. Erzählgn. 3. Aufl. 12. (211) Lahr 1895, M. Schauenburg. 2.–; geb. 2.50 ‒ Aus meiner Heimat. 2. Aufl. 8. (180) Berlin 1896, F. Fontane & Co. 2.– ‒ Aus unserer Zeit. Geschichten. 1. u. 2. Aufl. 12. (259) Stuttgart 1897, A. Bonz & Co. 3.–; geb. 4.20 ‒ Das heilig' Dirndl. Ungleiche Kameraden. Ein heil. Abend. Der Eskimo. Erzählgn. 12. (37) Lahr 1888, Schauenburg. –.25 ‒ Das Rätsel der Liebe. Berlin 1898, Vita, Deutsches Verlagshaus. –.60; geb. –.90 ‒ Das Viertel. Der Holzsammler. Das geheilte Mäxl. Erzählgn. 12. (42) Ebda. 1888. –.25 ‒ Der Gescheitere. Ein vergnügter Tag. Ben. Erzählgn. 12. (40) Ebda. 1888. –.25 ‒ Der lange Hilarius. 8. (16) Ebda. 1885. –.10 ‒ Der Lumpensammler. Im Bahnwarthäuschen. Der Karrenschieber. Kastor u. Pollux. Vagabunden. Erzählgn. 12 (40) Ebda. 1888. –.25 ‒ Der Töpfer von Kunterburg. Eine Schwarzwaldgeschichte. In stenogr. Debattenschrift übertragen. 8. (22) Dresden 1897, W. Reuter. –.40 ‒ Die Narren Rosel. Die Geringsten. Ein Hausgenosse. Erzählgn. 12. (41) Lahr 1888, Schauenburg. –.25 ‒ Ein Abgedankter. 8. (22 m. 1 Illustr.-Taf.) Weimar 1892, Schriftenvertriebsanstalt. –.10 ‒ Kleine Lebensbilder. 12. (315) Stuttgart 1895, A. Bonz & Co. 3.60; geb. 4.80 ‒ Schulmädelgeschichten. 8. (225 m. Illustr.) Berlin 1893, F. Fontane & Co. geb. 4.– ‒ Schwarzwaldgeschichten. 8. (160) Stuttgart 1892, I. Engelhorn. –.50; geb. –.75 ‒ Sommerfrischen. Fünf Nov. 8. (347) Stuttgart 1887, Union. 5.– ‒ Stammes-Verwandt. 1898. ‒ Unter Bauern u. andere Geschichten. 8. (152) Stuttgart 1894, I. Engelhorn. –.50; geb. –.75 ‒ Verloren u. gewonnen. Lustsp. Karlsruhe, Naklot. ‒ Zenz u. andere Erzählgn. 8. (194) Stuttgart 1887, Union. geb. 1.–"
Tyrol Marie,117439967,female,"*Tyrol, Marie, Charlottenburg, Savignyplatz 5, am 22. Iuni 1862 in Angerburg, Ostpr., geboren, verlebte ihre Kindheit in Gumbinnen, wohin ihr Vater als Regierungsund Schulrat versetzt worden war. 1875 kam die Familie nach Danzig und Marie besuchte dort, nachdem sie bis dahin ausschliesslich Privatunterricht gehabt hatte, die höhere Töchterschule. Ihre dichterische Begabung zeigte sich schon früh, doch bildete M. T. sich, auf Wunsch ihrer Eltern, zuerst auf dem Leipziger Konservatorium in der Musik aus, ehe sie sich, ermutigt durch das Urteil Sachverständiger, immer mehr der dichterischen sowie der schriftstellerischen Produktion zuwandte. Seit 1890 lebt sie mit den Ihrigen in Charlottenburg.","‒ Das Dammchen. Erzählg. 8. (319) Iena 1896, H. Costenoble. 5.– ‒ Der Abt. Ein Sang aus Preussens Ritterzeit. 8. (135) Leipzig 1885, Reissner. 2.–; geb. 3.– ‒ Gedichte. 8. (63) Grossenhain 1892, Baumert & Ronge. 1.– ‒ Kaiser Iulian der Abtrünnige. Histor. Rom. 3 Bde. 8. (1026) Leipzig 1889, Friedrich. 12.–"
Soden Eugenie,117442534,female,"*Soden, Frl. Eugenie von, Cannstatt bei Stuttgart, Ludwigstrasse 2, wurde am 21. Oktober 1858 zu Esslingen am Neckar geboren, genoss daselbst Unterricht an einer ihren Eltern gehörigen höheren Töchterschule. 1892 zog sie mit ihren Eltern nach Cannstatt, wo sie sich der litterarischen Thätigkeit widmet. Sie schreibt Volkserzählungen, Skizzen, Novelletten und Gedichte. Ferner schrieb sie verschiedene Aufsätze über Frauenbewegung, welche sie lebhaft interessiert, für eine Stuttgarter Frauenzeitung. Eine grössere novellistische Frauenstudie, betitelt »Weltfremd«, ist in Vorbereitung und auch eine Sammlung »Gedichte« beabsichtigt Frl. E. v. Soden demnächst herauszugeben.","‒ Aus meiner Mappe. 16. (208) Stuttgart 1893, Greiner & Pfeiffer. geb. m. Goldschn. 2.50 ‒ Der segnende Kinderfreund. 12. (15) Basel 1894, Iaeger & Kober. –.08 ‒ Die Leidensschule. 12. (24) Ebda. 1894. –.08"
Selhorst Marie,117444642,female,"*Selhorst, Frau Marie, geborne Derichs, Ps. M. Derichs, Hannover, Schaufelderstrasse 5a I, ist den 7. Februar 1846 in Köln a. Rh. geboren, wo sie Tage des ungetrübtesten Iugendglücks genossen hatte. Nach dem Tode der Eltern – beide starben früh – änderte sich dies und sie wurde vom Schicksal an verschiedene Orte geführt. Vorübergehend verweilte sie in Holland und Belgien zum Unterrichte in der deutschen Sprache, doch zog es sie immer wieder in die Vaterstadt zurück. Ihre liebste Beschäftigung schon als Kind und später als heranwachsendes Mädchen, war das Erzählen selbsterfundener Geschichten und Märchen. Obwohl sie mit dem dreizehnten Iahre ihre erste Erzählung geschrieben hatte, konnte sie ihrem Wunsche nach schriftstellerischer Bethätigung doch erst in altern Iahren gerecht werden. Auch dann nur in beschränktem Masse, da sie als Frau eines königlichen Beamten Hausfrauenund Mutterpflichten zu erfüllen hat. Nur in ihren Erholungsstunden greift sie zur Feder. Ihre Erzählungen u. dgl. fanden in zahllosen Zeitungen Aufnahme.",.
Wolfbauer Minna,117446521,female,"Wolfbauer, Minna. Sonntagskinder. Sagen u. Märchen f. Kinder. 16. (112) Nürnberg 1857, Zeh. 1.50",.
Berkow Karl,117446823,female,"Berkow, Karl, Biographie s. Elise Charlotte Freiin von Wolfersdorf.","‒ Am Hofe Lorenzos. Historischer Rom. 3 Bde. 8. (741) Berlin 1891, Ianke. n 12.– ‒ An d. Thrones Stufen. Rom. 3 Bde. 8. (856) Leipzig 1878, Dürrsche Buchhandlg. 12.– ‒ Dasselbe. 2. Aufl. 8. (332) Berlin 1888, Ianke. n 2.– ‒ Aus dunklen Tagen. Historischer Rom. 3 Bde. 8. (632) Ebda. 1888. n 10.– ‒ Der Lebenslauf einer Glücklichen. Erzählg. 8. (127) Ebda. 1896. n 1.– ‒ Der rechte Erbe. Erzählg. 2. Aufl. 8. (80) Ebda. 1897. n –.50 ‒ Die Namenlosen. Rom. 3 Bde. 8. (877) Ebda. 1889. n 12.– ‒ Die Söhne Gustav Wasas. Histor. Rom. 3 Bde. 8. (601) Ebda. 1886. n 10.– ‒ Die Unbegehrten. Erzählg. 8. (158) Ebda. 1892. n 1.– ‒ Die wilde Rose. Rom. 2 Bde. 8. (638) Berlin 1876, Wedekind & Schwieger. 8.– ‒ Dasselbe. 2. Aufl. 8. (271) Berlin 1884, Ianke. n 2.– ‒ Ein Kind der Strasse. 16. (99) Anklam 1897, Hermann Wolter. geb. n 1.– ‒ Ein Vergessener. – Hektor. 2 Erzählgn. 8. (140) Berlin 1896, Ianke. n 1.– ‒ Ein Vorurteil. Erzählg. 8. (156) Ebda. 1890. n 1.– ‒ Erstarrte Herzen. Rom. 2 Bde. 8. (594) Leipzig 1877, Dürrsche Buchhandlg. 7.50 ‒ Dasselbe. 2 Aufl. 8. (284) Berlin 1884, Ianke. n 2.– ‒ Frauenliebe. Rom. 2. Aufl. 8. (258) Ebda. (1874) 1887. n 2.– ‒ Fürst und Vasall. Histor. Rom. 3 Bde. 8. (686) Ebda. 1882. n 10.– ‒ Heinrich Guise. Histor. Rom. 3 Bde. 8. (821) Ebda. 1893. n 12.– ‒ Im Dämmerschein. Vier Erzählgn. 8. (224) Ebda. 1890. 1.50 ‒ Kämpferinnen. Rom. 2 Tle. in 1 Bd. 8. (220 u. 203) Ebda. 1897. n 6.– ‒ Kinderaugen. Erzählg. 8. (328) Ebda. 1892. n 6.–, wohlf. Ausg. 2.– ‒ Schuldlos geopfert. Histor. Rom. 3 Bde. 8. (256, 250 u. 288) Ebda. 1896. n 12.– ‒ Schwestern. Rom. 2 Tle. in 1 Bd. 8. (402) Ebda. 1894. n 7.– ‒ Um Seinetwillen. Rom. 3 Bde. 8. (930) Ebda. 1884. n 12.– ‒ Unsere Backfische. Erzählg. 8. (139) Ebda. 1896. n 1.– ‒ Unter dem Kreuze. Histor. Rom. 3 Bde. 8. (741) Ebda. 1888. n 12.– ‒ Vae victis! Histor. Rom. 4 Bde. 8. (955) Leipzig 1879, Dürrsche Buchh. 15.– ‒ Dasselbe. 2. Aufl. 8. (328) Berlin 1886, Ianke. n 2.– ‒ Wintersonne. Histor. Erzählg. aus dem 30jähr. Kriege. 2. Aufl. 8. (288) Ebda. 1896. n 2.–"
Wolfersdorff Elise Charlotte,117446823,female,"*Wolfersdorff, Freiin, Elise Charlotte, Ps. Karl Berkow, Bayreuth, geboren am 7. März 1851 zu Graudenz als die jüngste Tochter des Garnisonauditeurs Hans Otto v. W. Ein Iahr alt verlor sie ihre Mutter. Der Vater, eine echte Künstlernatur, leitete selbst die Erziehung seiner Kinder. Elise ist seit ihrem 18. Iahre schriftstellerisch thätig und hatte mit ihrem Roman »Frauenliebe« ihren ersten Erfolg, der sie zur Berufschriftstellerin machte. Sie lebte längere Zeit in Berlin und Dresden und wohnt jetzt in Bayreuth. Werke s. Karl Berkow.",.
Segert-Stein Anna,117447234,female,"Segert-Stein, Frau Anna, Ps. A. Stein u. A. Segert-Stein, Altstrelitz, Mecklenb., geboren am 17. Februar 1861 in Strelitz als Tochter eines Tischlermeisters. Seit 1888 in Ludwigsburg verheiratet, hat sie sich auf allen Gebieten der Dichtkunst versucht.","‒ Daniel Sanders Gedenkbuch. 8. (70) Neustrelitz 1897, Barnewitz. 2.– ‒ In stillen Stunden. Gedichte. 12. (72) Wismar 1886, Hinstorffs Verlag. geb. m. Goldschn. 2.40 ‒ Kopf und Herz. Lustsp. 1881. ‒ Wilde Rosen. Dichtgn. 8. (314) Breslau 1884, Schottländer. 3.–; geb. 4.–"
Söllner Ottilie,117452203,female,"*Söllner, Frl. Ottilie, Ps. C. Vollbrecht, Prag, Smečkagasse 4, geboren am 13. Februar 1841 in Ronneburg, Herzogtum Sachsen-Altenburg, kam, vier Iahre alt, mit den Pflegeeltern nach Grottau in Böhmen, erhielt die Erziehung in der Anstalt zum Frauenschutz in Dresden und war dann ein Iahrzehnt hindurch als Erzieherin thätig. Seit dem Iahre 1879 ist sie Schriftstellerin, leider fühlt sie sich durch ein, unumschränkte Schonung beanspruchendes Augenleiden, im Arbeiten oft behindert. Sie ist Mitarbeiterin vieler deutscher und österreichischer Zeitungen, hauptsächlich schreibt sie Romane, Novellen und Feuilletons, wie »Hohenbühl«, »Das Stadtkind«, »Nach dem Sturme«, »Lori«, »Magdalene«, »Comtesse Hanna«, »Höhenluft« u.a. Werke s. C. Vollbrecht.",.
Soemmering Sophie,117452386,female,"□Soemmering, Frau Sophie, Frankfurt a. M., Finkenhofstrasse 36.","‒ Der Professor auf der Sommerfrische. 8. (69) Frankfurt a. M. 1892, Gebrüder Knauer. 1.– ‒ Ein Dieb. Volksdrama. 8. (67) Ebda. 1892. 1.– ‒ Kämpfe. Schausp. 8. (83) Ebda. 1895. 1.– ‒ Kurzsichtig. Lustsp. 8. (65) Ebda. 1893. 1.– ‒ Was ist Glück? Lebensbild. 8. (74) Ebda. 1892. 1.–"
Sohr Amélie,117453072,female,"Sohr, Amélie, geboren 16. April 1815 zu Loschwitz bei Dresden, wirkte seit Iahren für Bethätigung der weiblichen Kraft besonders im Dienste der Krankenpflege und der Volksbildung. u. Marie Loeper-Housselle. Die Frau im gemeinnützigen Leben. Archiv für die Gesamtinteressen d. deutschen Frauen-, Arbeits-, Erwerbsu. Vereinslebens im Deutschen Reiche u. im Auslande 1.–4. Iahrg. 1886–1889. à 4 Hfte. 8. (1. Hft. 96) Gera, T. Hoffmann. – Erscheint nicht mehr. – à Iahrg. 5.– u. Privatdoc. Dr. Alex. Reifferscheid. Heinrich Rückert in seinem Leben u. seinen kleineren Schriften dargestellt. 3 Bde. 8. Weimar, Böhlau. 18.– 1. 2. Heinrich Rückerts kleine Schriften. (800) 1877. 13.– 3. Heinrich Rückert in seinem Leben und Wirken dargestellt. (318) 1880. 5.–","‒ Deutsches Bühnenleben im vorigen Iahrhundert. 1883. ‒ Frauenanteil an der Volksbildung. Ein Wort zum Verständnis d. Pestalozzi-Fröbel-Hauses in Berlin. 8. (35) Gotha 1883, F. A. Perthes. –.60 ‒ Frauenarbeit in der Armenu. Krankenpflege daheim u. im Auslande. Geschichtliches u. Kritisches. 8. (107) Berlin 1882, Springer. 1.40"
Romanek Andrae M.,117454397,female,"Romanek, M. Andrae, Biographie s. Frau Professor Trommershausen, Werke s. Andrae-Romanek.",.
Trommershausen Marie,117454397,female,"*Trommershausen, Frau Marie, Ps. M. Andrae-Romanek, Frankfurt a/M., Östl. Friedrichstrasse 13, geboren am 9. April 1854 auf dem Rittergut ihres Vaters Andrae in Roman, Hinterpommern. Marie ist auf dem Lande gross geworden und mit 10 Geschwistern von Hauslehrern unterrichtet worden, dann kam sie nach Köslin in eine Pension. 1880 machte sie in Berlin das Examen als Lehrerin für höhere Töchterschulen, ging auf zwei Iahre nach England, dann auf zwei Iahre nach Genf. 1887 machte sie den sechsmonatlichen Kursus der Lehrschwestern des Iohanniterordens für Krankenpflege in der Bodelschwinghschen Anstalt in Bielefeld und im grossen Bremer Krankenhause durch. 1888 verheiratete sie sich mit Prof. Dr. Ernst Trommershausen in Frankfurt a. M. Werke s. M. Andrae-Romanek.",.
Seidel Amalie,117454990,female,"Seidel, Amalie. Praktisches Kochbuch f. Stadt u. Land. 16. (95) Potschappel 1875, Engelmann. –.60; kart. 1.–",.
Sebaldt v. Werth Max,117458856,female,"Sebaldt v. Werth, Max, s. Nany vom Hof.",.
Sternau Marie,117462608,female,"Sternau, Marie von, s. Marie Stadelmann.",‒ Kindergarten. 1866. ‒ Kinderlieder. 1866. ‒ Zwölf Kindergeschichten. 1866.
Seiler Wilhelmine,117468010,female,"Seiler, Frau Wilhelmine, geb. Adam, Miesbach O.-B., geboren am 4. März 1827, verheiratete sie sich mit Professor Robert Seiler in Miesbach, Oberbayern. Viele ihrer Gedichte erschienen in Anthologieen.",‒ Marienblumen. Gedichte. 1878.
Kuntze Henriette,117471984,female,"Kuntze, Henriette. Neues allgemeines Kochbuch. 3. Ausg. 8. (256) Leipzig 1854. Barth. 2.25",.
Seler Cäcilie,117473898,female,"Seler, Frau Dr. Cäcilie. Die Frau im alten u. im heutigen Mexiko. Nach Überliefrg. u. eigener Anschaug. 8. (26 m. 9 Abbildgn.) Berlin 1893, R. Lesser. –.50",.
Sommer Clara,117477850,female,"Sommer, Clara. Praktisches Kochbuch für die bürgerl. Küche. 16. (64) München 1890, Münchener Verlagsinstitut F. Braunbeck. –.20",.
Spangenberg Pauline,117480932,female,"Spangenberg, Pauline, geboren den 20. April 1830 zu Marburg, gestorben daselbst am 7. August 1892. u. M. V. Harbau. Alton Locke, Schneider und Dichter. Eine Autobiogr. Übers. des Kingsley, 2 Bde. 2. Aufl. 8. (617) Leipzig 1891, F. A. Brockhaus. 8.–; geb. 10.–","‒ Elisabeth, Landgräfin von Thüringen und Hessen. Dramat. Gedicht aus dem Engl. des Kingsley. 2. Aufl. 8. (242) Gotha 1885, F. A. Perthes. 3.– ‒ Erich, Herr, und sein Mündel, od. Was ein Kind wirken kann. Aus dem Engl. von P. S. 8. (331) Dresden 1892, Berlin, O. Brandner. 2.80; geb. 4.– ‒ Gedichte. Aus d. Engl. d. C. Kingsley. 12. (208) Kassel 1893, Th. G. Fischer & Co. 3.20; geb. 4.– ‒ Yeast, ein Problem, od. Was Herr Lancelot Smith dachte, sprach und that. Rom. Übers. aus dem Engl. d. Kingsley. 2. Aufl. 8. (393) Leipzig 1892, F. A. Brockhaus. 5.–; geb. 6.–"
Sostmann Wilhelmine Anna Elise,117483982,female,"Sostmann, Anna Wilhelmine Elise, geb. Blumenhagen, geboren den 21. September 1788 in Hannover, gestorben den 30. November 1864 in Hamburg. 1. Bd. 2 Tle. Die heilige Maid von Kent. Anna Boleyn. (642) 2 Bd. 2 Tle. Heinrich VIII. u. sein Hof. König Eduard VI. (642) 3. Bd. 2 Tle. Elisabeths erste Liebe. Der Prätendent. (352)","‒ Das Haus Walitzka od. Bilder aus Ungarn. Rom. in 3 Bdn. 8. (578) Hamburg 1861, Nestler & Melle. 6.– ‒ Die letzten Tudors auf dem Throne von England. Geschichtl. Rom. in 3 Bdn. 12. Braunschweig 1845, Meyer sen. à 6.– ‒ Die neugriechische Helena od. Der grüne Kranz auf Hohenschwangau. Rom. 2 Tle. 12. (434) Hamburg 1852, Nestler & Melle. 6.–"
Spier Anna,117484741,female,"Spier, Frau Anna, Frankfurt a. M., Mendelsohnstrasse 49.",.
Späth Charlotte,117485993,female,"Späth, Charlotte. Ausgewählte Erzählungen für die weibliche Iugend. 2. Aufl. 8. (299 m. 5 Stahlst. u. Titel in Stahlst.) (1851) 1865, Leipzig, Berndt. geb. 4.–","‒ Bilder aus dem Leben. Erzählgn. 2. Aufl. 8. (280) Stuttgart 1851, Risch 3.– ‒ Die Frau Dote. 8. (137) Stuttgart 1857, Schmidt & Spring. geb. 2.70 ‒ Die Zwillingsschwestern. Erzählg. 16. (101) Stuttgart 1852, Deutsche Verlags-Anstalt. –.90 ‒ Einhundertzehn moralische Erzählungen für kleine Kinder. 6. Aufl. 8. (208 m. Illustr. u. 4 Farbendr.) Stuttgart 1895, W. Nitzschke. geb. 3.– ‒ Erzählungen für junge Mädchen. 8. (261) Ebda. 1858. 3.75 ‒ Gesammelte Erzählungen für junge Mädchen. Neue Folge. 8. (218 m. 8 L.) Stuttgart 1864, Schober. 3.–; geb. 3.60 ‒ Maria Werner, die mutterlose Iungfrau in ihrem Leben u. in ihrer Haushaltung. 2 Tle. in 1 Bde. 5. Aufl. 8. (402) Ebda. 1885. 4.50; geb. 5.60; auch in 9 Lfgn. à –.50 ‒ Maria Werner in ihrer Küche u. ihrer Haushaltung. Kochu. Wirtschaftsbüchlein. C. Aufl. 8. (172) Schw. Hall 1887, Stuttgart, A. Koch. 1.50; kart. 2.–"
Spies Hermine,117490199,female,"Spies, Hermine. Ein Gedenkbuch für ihre Freunde von ihrer Schwester. 2. Aufl. 8. (300 m. Bildnis) Stuttgart 1897, G. I. Göschen. 5.–; geb. 6.–",.
Stein Wilhelmine,117490237,female,"Stein, Wilhelmine, Ps. W. Stein, geboren 1815, gestorben den 20. Oktober 1881 in Breslau. Werke s. W. Stein.",.
Engell-Günther Juliane,117500496,female,"Engell-Günther, Frau Iuliane, Biographie s. I. Günther. Werke s. auch Luminica Freifrau v. X.","‒ Brasilianische Novellen. 16. (99) Leipzig 1890, G. Körner. n –.50 ‒ Schweizersagen. 8. (114) Grüningen 1895, I. Wirz. kart. n 150 ‒ Weihnachtsabende in Brasilien. Für die reifere deutsche Iugend. 8. (338 m. 4 L.) Berlin 1862, Leipzig, Oehmigke. n 4.–"
Günther Juliane,117500496,female,"*Günther, Frau Iuliane, Ps. Engell-Günther und Freifrau Luminica v. X., Roveredo, Kanton Graubünden, geboren am 3. August 1819 zu Sülz in Mecklenburg, hat als Kind nie eine Schule besuchen können, aber wurde so früh von den Eltern in den notwendigsten Anfangsgründen unterrichtet, dass sie sich dessen kaum entsinnen kann. Da die Eltern viel Sinn für Litteratur und Musik hatten, unterwiesen sie auch darin die Tochter, so dass sie nach des Vaters Tode selbst als Lehrerin wirken konnte. 1849 ging sie mit ihrem Manne, dem Ingenieur Günther, nach Brasilien, wo sie bis 1858 einem Erziehungsinstitute vorstand. Nach Europa zurückgekehrt, war sie 1872–77 Chefredaktrice des »Bazar«, 1883–89 in Zürich Lehrerin in einem Internationalen Erziehungsinstitut für Knaben. Stets nahm sie lebhaften Anteil an allen Fortschritten einer freisinnigen, menschenwürdigen Entwickelung und war immer bemüht, ihre Gedanken darüber in verschiedener Form zu veröffentlichen. Viele Erzählungen, welche besonders die verkehrte Stellung der beiden Geschlechter zu einander behandeln, sind in verschiedenen Zeitschriften veröffentlicht worden Gern möchte sie dieselben in billigen kleinen Bändchen herausgeben, da es stets ihre Überzeugung war, dass die erzählende Litteratur viel mehr, als es bis jetzt geschehen, zur allgemeinen Aufklärung beitragen könnte.",.
Günther Juliane,117500496,female,"Günther, Iuliane. Cilly, die Hexe. Drama Berlin 1881, Verlag von Müller & Co. Weitere Werke s. Engell-Günther.","‒ Der beste Freund, oder: Was eine deutsche Mutter zu ihren Kindern spricht. 1. Abteilg. 4. (47 m. H) Gera 1872, Issleib & Rietschel. geb. n 3.– ‒ Die Lösung der sozialen Frage durch die Frau. Berlin 1872, Dr. Langmann & Co. ‒ Noch einmal die Kreutzer-Sonate. Zürich 1896, Verlags-Magazin (I. Schabelik). ‒ Schweizer-Sagen, neu erzählt. Grüningen 1896, C. Wirz. ‒ Weihnachtsabende in Brasilien. Berlin 1862, Oehmigke."
Schmidt Auguste,117501867,female,"*Schmidt, Frl. Auguste, Leipzig, Grassistrasse 33 I, wurde als die Tochter eines Offiziers am 3. August 1833 zu Breslau geboren und wuchs in einem Elternhause auf, in welchem die Gleichberechtigung der Söhne und Töchter von Vater und Mutter anerkannt wurde. Infolgedessen wurde sie schon sehr früh an Selbständigkeit gewöhnt und erhielt eine für jene Zeit ausgezeichnete Erziehung. Im Iahre 1842 wurde ihr Vater als Major nach Posen versetzt. Dort besuchte sie die königliche Louisenschule und bestand 1850, noch nicht siebzehnjährig, die Staatsprüfung als Lehrerin. Nachdem sie einige Iahre als Erzieherin gewirkt, wurde sie in Breslau, wohin ihre Eltern sich nach der Verabschiedung des Vaters zurückgezogen hatten, als erste und einzige wissenschaftliche Lehrerin an der städtischen höheren Mädchenschule angestellt. Im Iahre 1861 ging sie nach Leipzig, wohin ihr nach dem Tode des Vaters die Mutter mit den Schwestern folgte. Hier nahm sie die Stellung der u. Henriette Goldschmidt. Zwei Vorträge, gehalten bei der Generalversammlung des allgemeinen deutschen Frauenvereins am 19. u. 20. September 1868 zu Braunschweig. 8. (46) Leipzig 1868, Leiner. n 5.–","‒ Aus schwerer Zeit. Erzählg. f. jung u. alt. 8. (230) Leipzig 1895, F. Riehm. n 1.85; geb. 2.20 ‒ Louise Otto Peters, die Dichterin u. Vorkämpferin für Frauenrecht. Ein Lebensbild. Von Aug. Schmidt u. Hugo Rösch. U. d. Presse. ‒ Neue Bahnen. Organ d. allgemeinen deutschen Frauenvereins. 33. Bd. Iahrg. 1898 24 Nrn. 4. (No. 1 10) Leipzig, M. Schäfer. n 3.– ‒ Tausendschönchen. 8. (243) Leipzig 1868. Rötschke. 3.– ‒ Veilchen. Novellenstrauss. Bd. 2. 8. (206) Ebda. 3.–"
Schmidt Auguste Wilhelmine,117501867,female,"Schmidt, Wilhelmine Auguste, geb. Dürr. Allgemeines Kochbuch f. bürgerl. Haushaltgn. 3. Ausg. 16. (380) (1861) 1868 Berlin, Modes Verlag. 1.50",.
Schmidt Elise,117502502,female,"Schmidt, Frl. Elise, geboren am 1. Oktober 1824 (nach Gross 1827) in Berlin als Tochter eines Kaufmannes, bekundete schon frühzeitig ausserordentliche geistige Fähigkeiten und eine seltene Hinneigung zu allem Dramatischen. Diesbezüglichen Unterricht nahm sie schon in ihrem 12. Iahre, trat mit 14 Iahren zum erstenmal öffentlich auf und war auf verschiedenen Bühnen Deutschlands, u.a. auch in Wien thätig. 1849 zog sie sich von der Bühne zurück, kam nach Berlin und widmete sich der Dichtkunst. 1855 begann sie ihre berühmt gewordenen Vorlesungen der dramatischen Meisterwerke Griechenlands, die ihr überall, wo sie sich in deutschen Städten hören liess, grossen Beifall eintrugen. Unterstützt wurde sie dabei durch ihre geniale Freundin Alice v. Schlichtkrull (siehe diese), welche bei diesen Vorträgen selbstgeschaffene Kompositionen zu den dramatischen Meisterwerken zum Vortrage brachte. Nach dem Tode ihrer Freundin (1863) setzte E. Sch. ihre Vorlesungen aus und lebte seitdem litterarisch beschäftigt in Berlin oder in Potsdam, bis sie 1872 nach Berka übersiedelte. Ihr gegenwärtiger Aufenthalt ist unbekannt.","‒ Agamemnon. Von Aeschylos. Übers. 1857. ‒ Bacchantinnen. Von Euripides. Übers. 1869. ‒ Brandenburgs erster Friedrich. Histor. Schausp. 1861. ‒ Drei Dramen. (Der Genius u. die Gesellschaft. Macchiavelli. Peter der Grosse u. sein Sohn.) 8. (255) Berlin 1856, Lass. n 4.50 ‒ Elektra. Von Euripides. Übers. 1857. ‒ Iudas Ischarioth. Dramat. Gedicht. 16. (96) Leipzig 1879, Ph. Reclam jr. n –.20 ‒ Oedipus in Kolonos. Von Sophokles. Übers. 1857. ‒ Paganini. Melodrama. 1846. ‒ Prometheus. Von Aeschylo. Übers. 1855. ‒ Stein u. Napoleon. Drama. 1870. ‒ Vögel. Von Aristophanes. Übers. 1869. ‒ Zeitgenossen. Rom. 3 Bde. 8. (681) Berlin 1866, Ianke. 12.–"
Feilmann Johanna,117504203,female,"*Feilmann, Frl. Iohanna, London NW. 77, Canfield Gardens. West-Hampstead, ist den 21. April 1839 in Iever in Oldenburg geboren, und erhielt ihren Unterricht vornämlich von ihrer in fremden Sprachen und Litteratur sehr bewanderten Mutter. Diese und ein Mädchenschuldirektor wirkten nach jeder Richtung auf sie anregend ein und förderten ihre Lust am Fabulieren wie auch den Trieb nach Selbständigkeit. Bald nach vollendeter Schulzeit siedelte sie nach Nottingham zu ihrem daselbst ansässigen Bruder über und bildete sich soweit in den modernen Sprachen fort, dass sie Studentinnen für das Oxforder und Cambridger Universitätsexamen vorbereitete. Gerade als ihr die Stelle als »lecturer« an dem neugegründeten University-College in Nottingham angetragen wurde, musste sie, ihrer schwankenden Gesundheit halber nach Italien gehen, wo sie, begeistert durch die empfangenen Eindrücke und voll von interessanten Erlebnissen, sich zum eigenen freien Schaffen gedrängt fühlte. Ihre erste Arbeit »An der Riviera« brachte »Über Land und Meer« – in der","‒ Onkel Iohns Prinzipien. Eine Geschichte aus dem engl. Leben. Schatzkästlein, litterarisches. Bd. 4. 16. (210) Stuttgart 1896, Deutsche Verlags-Anstalt. geb. in Leinw. n 1.– ‒ Sturm u. Stille. Nov. 2. Aufl. 8. (303) Dresden 1889, Pierson. n 3.–; geb. n 4.– ‒ Unterm St. Ampeglio. Eine Erzählg. 8. (XII, 218) Berlin 1885, C. R. Dreher. Stuhrscher Verlag. brosch. 3.–; geb. 4.–"
Keyserling Margarete,117512877,female,"*Keyserling, Gräfin Margarete, Breslau, Tiergartenstrasse 37 II, in Berlin am 22. Februar 1846, als dritte Tochter des Geschichtsprofessors und Geheimen Legationsrats und spätern bayerischen Gesandten Wilhelm von Dönniges geboren, verlebte sie ihre erste Iugend mit sieben Geschwistern im elterlichen Hause in München, kam mit diesen im Alter von 10 Iahren nach Italien, wo sie in Turin und Nizza sechs Iahre zubrachte. Danach ward ihr Vater in die Schweiz versetzt und sie lebten zwei Iahre in Genf. Dort verheiratete sie sich am 20. September 1864 mit dem Naturforscher Grafen Eugen Keyserling, welcher, im Begriff eine Forschungsreise nach Südafrika anzutreten, durch Genf kam. Er gab dann seine Weltreisen auf, zog fürs erste mit Margarete nach München und kaufte später verschiedene Güter in Schlesien, welche sie bewohnten. Im Iahre 1889 starb der Gatte nach zweijährigem schweren Gehirnleiden. Nach dem Tode, ihres Mannes hat sie Breslau zum Aufenthalt erwählt. Mit dichterischen Versuchen beschäftigte sie sich bereits als Kind und setzte dieselben ihr ganzes Leben fort. Indessen liessen ihr die Pflichten der Hausfrau und Mutter in spätern Iahren nur wenig Musse, sich ihrer Lieblingsthätigkeit hinzugeben.","‒ Das Fritzche. Erzählg. 8. (371) Bielefeld 1890, Velhagen & Klasing. n 3.– ‒ Die Sturmhexe. Rom. 8. (294) Stuttgart 1881, Deutsche Verlags Anstalt, n 5.– ‒ Excentrisch. Erzählg. 8. (319) Iena 1893, H. Costenoble. n 5.–; geb. nn 6.20"
Keyserling Margarete,117512877,female,"Keyserling, Margarete. Gedichte u. Aphorismen. 8. (133) Breslau 1894, C. Trewendt. n 2.–; geb. m. Goldschn. n 3.–","‒ Lucciola. Nov. 2. Aufl. Wohlf. Ausg. 8. (184) Stuttgart 1891, Deutsche Verlags-Anstalt, geb. n 1.25 ‒ Römische Aquarelle. Ein Karneval in Rom. Die Signora. 8. (296) Ebda. 1883. n 5.– ‒ Strandgeschichten. 8. (250) Berlin 1894, F. Pfeilstücker. n 3.–; geb. n 4.– ‒ Unbeschützt. Erzählg. 8. (350) Berlin 1895, F. Fontane & Co. n 5.–"
Mayer Rudolfine,117547867,female,"*Mayer, Frl. Rudolfine, Ps. Rudolf Stormenek, Mannheim B. 1 No. 4, Breitestrasse, geboren in Mannheim am Rhein am 7. Iuni 1864, besuchte sie nach Absolvierung der Schulen die Vorlesungen am Viktoria-Lyceum in Berlin und unternahm nach einigen Reisen im Inund Auslande psychologische und philosophische Studien. Kürzlich wurde von ihr ein Drama »Vergangenheit« am Hoftheater zu Mannheim mit grossem Erfolge aufgeführt. Die erste Auflage der Buchausgabe ist vergriffen, die zweite befindet sich in Vorbereitung. Ausserdem erschienen noch »Aphorismen« in »Über Land und Meer«, Gedichte, Bücherund Kunstkritiken etc. Werke s. Rudolf Stormenek.",.
Stormenek Rudolf,117547867,female,"Stormenek, Rudolf, Biographie s. Rudolfine Mayer.","‒ Vergangenheit. Drama in 1 Akt. 8. (72) Mannheim 1894, Max Hahn & Comp. I. Aufl. vergriffen. II. Aufl. in Vorbereitg."
May Sophie,117548022,female,"May, Sophie, s. Friederike Elise Mayer.","‒ Unsere Ellen. Rom. Aus dem Amerikan. Übers. von A. S. 2 Bde. 8. (537) Breslau 1883, Schottländer. n 6.–; geb. n 8.–"
Mayer Elise Friederike,117548022,female,"Mayer, Friederike Elise, Ps. Sophie May, geboren 1788 in Berlin, gestorben 1827, Verfasserin von »Die fürstlichen Frauen der Vorzeit« 1824. Werke s. Sophie May.",.
Krukenberg Elisabeth,117550949,female,"Krukenberg, Elisabeth. Ein Festzug.","‒ Ein Winzerzug. ‒ Kleine dramatische Festspiele. Zu Polterabend-Aufführgn. 8. (80) Hannover 1873, Hahn. –.90 ‒ Märchenbilder. ‒ Prinz Frühling und Prinzessin Rose."
Kurs Auguste,117555304,female,"Kurs, Auguste, geboren am 26. November 1815 in Berlin, gestorben am 18. Iuli 1892 ebendaselbst.","‒ Am Fenster. Novellen-Cyklus. 3. Aufl. 8. (171) Pasewalk 1857, Schnurr, n 3.– ‒ Aus dem Sommer. Reisebilder. 8. (223) Berlin 1856, Sacco. 2.50 ‒ Ausgewählte Gedichte. 8. (291) Berlin 1894, Vossische Buchhandlung. 2.25; geb. n 3.– ‒ Cora-Lynn. Dichtung nach dem Engl. 16. (93) Berlin 1858, Remak. geb. n 2.– ‒ Ein Ausflug nach Thüringen. 16. (58) Berlin 1860, Hayns Erben. n –.50"
Kurs Auguste,117555304,female,"Kurs, Auguste. Epheublätter. Gedichte. 3. Aufl. 8. (196) Berlin 1854, Cohn. 2.–; geb. 2.70","‒ Gemüt u. Leben. Gedichte. 16. (125) Berlin 1855, Hayns Erben. 1.50 ‒ Germania. Beiträge deutscher Dichter u. Dichterinnen. 8. (320) Berlin 1861, Lass. n 4.50; geb. n 5.25 ‒ Nora. Dichtung. 16. (90) Berlin 1856, Sacco Nachfolger. 1.50"
Meyer Sophie,117569364,female,"Meyer, Sophie. Des Hauses Zier. Vorlagen für Malerei auf Porzellan u. Fayence. Fol. (6 Chromolith) Düsseldorf 1884, A. Bagel. In Mappe à 6.–","‒ Für fleissige Kinder. 4. (16 Chromolith m. Text.) Ebda. –.60 ‒ Holzmalerei-Vorlagen. 1. u. 2. Sammlg. Fol. (6 Chromolith.) (1882), 1883, Ebda. In Mappe à 6 – ‒ Poetische Festgaben. Kostüm-Aufführgn., leb. Bilder etc. f. Familienfeste u.s.w. Orig.-Dichtgn. m. Illustr. 8 (125) Mülheim a. d. R. 1893, I. Bagel. 1.50; geb. 2.50 ‒ Tischlein deck' dich. Neues Puppenkochbuch. 12. (32 m. 7 Chromol.) Düsseldorf 1884, A. Bagel. n –.50"
