WerkID,Werk
w00001,"Gedichte, 1863. 2. A. 1873."
w00002,"Poetischer Nachlaß, 1877."
w00003,"Amy Die verkaufte Leibrente (Lsp.), 1865."
w00004,"Poetisches Gedenkbuch (Anthologie zur Feier der Inauguration der Universität Czernowitz ꝛc., mit L. A. Stauffe), 1875."
w00005,"Vom Herzen zum Herzen (Ge.), 1881."
w00006,"Frauenlist (Schw.), 1892."
w00007,"Gedankensünde (R.), 1896."
w00008,"Das Ende vom Liede (R.), 1906."
w00009,"Mördergewohnheit u. anderes, 1.-10. T. 1906."
w00010,"Lenzblätter (Ge.), 1835."
w00011,"Libussas Wahl, oder: Der würdigste Mann (Dr.), 1844."
w00012,"Demosthenes, oder: Hellas’ Untergang (Tr.), 1848."
w00013,"Eine Festgabe für Gemüt und Verstand (Ge.), 1878."
w00014,"II, 1882."
w00015,"Nordische Klänge Dichtungen von Puschkin u. Lermontoff (Übersetzgn.), 1877."
w00016,"Gedichte, 1878."
w00017,"Russischer Novellenschatz; (Russische Dn. i. deutscher Übertrgg.), 1894."
w00018,"Schach-Humoresken, 1894."
w00019,"Lilien und Rosen (Ge.), 2. A. 1854."
w00020,"Aut (Histor. R.); II, Aus dem Zarenlande (N.), 1887. 2. A. 1890."
w00021,"Der Sohn des Kommerzienrats (Drama), 1887."
w00022,"Streifzüge durch die neuere russische Literatur, 1889. Neue Ausg. u. d. T.: Naturalismus, Nihilismus, Idealismus in der russischen Dichtung, 1896."
w00023,"Einfache Geschichten (Nn.), 1891."
w00024,"Caesar, aut nihil! 1893. Neue Ausg. u. d. T.: Um die Zarenkrone (Geschichtl. R.), 1901."
w00025,"Das literarische Berlin (Sat. Briefe), 1893."
w00026,"Der Selbstmord des Leutnants von Mergenthin (N.), 1896."
w00027,"Der Übel größtes (Lsp.), 1896."
w00028,"Gedichte, 1849."
w00029,"Gedichte, 1854, 1870."
w00030,"Neue Gedichte, 1876."
w00031,"Mainachtgeister (N.), 1886."
w00032,"Frau Caritas (N.), 1906."
w00033,"Wend-Unmut (Ein Büchlein für alte u. junge Grillenfänger), 1908."
w00034,"Die klingende Seele, 1912."
w00035,"Der Morgenreiter (Ge.), 1905."
w00036,"Das Korps „Schlamponia“ (Studentengesch. in Reimen), 1899."
w00037,"Die Spiritisten (Lustige Geschn. a. d. 4. Dimension), 1900."
w00038,"Erste Lieder, 1838. 2. Ausg. u. d. T.: Gedichte, 1842."
w00039,"Der Novize (G. von Lermontoff, übers.), 1842."
w00040,"Aus dem Kaukasus (Nach Lermontoffschen Skizzen), 1843."
w00041,"Gedichte, 1868."
w00042,"Der Friede (Festsp.), 1871."
w00043,"Die Heimkehr (Festsp.), 1871."
w00044,"Simson und Delila (Lsp.), 1873."
w00045,"Shelley (Tr.), 1876."
w00046,"Gedichte, 1885."
w00047,"Auf den Knien (Lsp.), 1886."
w00048,"Die Schwestern (Schsp.), 1892."
w00049,"Neue Gedichte, 1894."
w00050,"Königsleid (Dr.), 1895."
w00051,"Weltliche Legenden (Ge.), 1898."
w00052,"Vom Baume der Erkenntnis (Ge.), 1909."
w00053,"Gedichte, 1850."
w00054,"Lebensbilder a. d. baltischen Heimat, 1861."
w00055,"Georg Stein, oder: Deutsche u. Letten (E.), 1864."
w00056,"Kleine Schriften für das Haus, 1872."
w00057,"An der Ostsee, 1888."
w00058,"II, 1845.Cor Hassan (Dram. M.), 1836."
w00059,"Die Hunyaden (Tr.), 1836."
w00060,"Historische Denkmale des christlichen Fanatismus; 2. A. u. d. T.: Pfaffenspiegel, 1868, 7. A. 1890."
w00061,"Geschichte der Aurora von Königsmark, 1847."
w00062,"Die goldene Legende (Eine Naturgesch. der Heiligen), 1875. 4. A. 1890."
w00063,"Zehn Iahre aus meinem Leben, 1875."
w00064,"Aus dem Zellengefängnis (Br.), 1884."
w00065,"Erinnerungen aus meinem Leben. 4. Ausg., 1890."
w00066,"Die Geißler (Ergänzung zum Pfaffenspiegel), 1846. 3. Aufl. 1892."
w00067,"Frisch gewagt ist halb gewonnen (Lsp. nach dem Engl.), 1884."
w00068,"Die gefrorene Schwiegermutter (Lsp. nach dem Englischen), 1885."
w00069,"Gedichte, 1876."
w00070,"Lebensblüten (Lieder), 1884."
w00071,"Gedichte, 1853. 2. A. 1868."
w00072,"Mein Kranz und meine Burg (Neue Ge.), 1870."
w00073,"Mein Feld (Erzählnde. Ge.), 1878."
w00074,"II, 1827-'28."
w00075,"DasII, 1836."
w00076,"Gedichte, 1838. 4. A. 1861.II, 1839."
w00077,"Ruy Blas (Dr. vonDre Romanzen, Lieder u. Sonetten, 1826."
w00078,"Die Löffelritter (N.), 1826."
w00079,"Des P. Ovidius Naso Lieder der Liebe, in gereimten Iamben übers., 1827."
w00080,"Glockenblumen (Nn. u. En.); Kloster von St. Bernhard (R.), 1827."
w00081,"Neuere Gedichte, 1828."
w00082,"Welt und Ton (Bildungsbuch), 1830."
w00083,"Hernani (Dr. n. dem Franz. des Victor Hugo), 1830."
w00084,"Bunte Bilder (En. u. Nn.), 1830."
w00085,"Das Buch der Geschichten, f. die Iugend, 1834."
w00086,"Präziosa (Unterhaltungsbuch f. Kinder), 1835."
w00087,Gruppen und Puppen (Nn. u. En.);
w00088,"Herz und Ehre (Nn. u. Schilderungen); Victor Hugo, deutsch), 1839."
w00089,"Fahrten, 1840."
w00090,"Vierundzwanzig Stunden, 1842."
w00091,"Der Rhein (Br. v. Victor Hugo, deutsch), 1842."
w00092,"Das Blumenalbum, 1843."
w00093,"Sonnenberg (Kunden und Sagen), 1845."
w00094,"Vignetten (Porträts und Genrebilder), 1845."
w00095,"Das Weib aus dem Volke (Schsp. n. dem Franz. des Dennery), 1846."
w00096,"Diana von Mirmande (Dr. n. d. Franz. des Augier), 1853."
w00097,"Geschichten aus und nach dem Leben, 1853."
w00098,"Freud und Leid (Lr. u. Bilder), 1858."
w00099,"Pentameron (Gesch. a. d. Leben), 1858."
w00100,"Sibyllinische Blätter, 1860."
w00101,"Wohltaten (Aufzeichnungen für edle Herzen), 1865. Neue Ausg. u. dem T.: Herzenspiegel (En. u. Bilder), 1868."
w00102,"Momente (Leid u. Humor), 1866."
w00103,"Marianne, das Weib aus dem Volke (Dr. a. d. Franz. übers.), 1870."
w00104,"II,II, 1887. 2. A. 1893."
w00105,"Noli me tan, 1896."
w00106,"Die Strandhexe von Das Schwedenkind (Baltischer R.), 1879."
w00107,Die Äbtissin von Herford (R.); 1882.
w00108,"Um eine Herzogskrone (Baltischer R.); Alice (Sittenroman), 1886."
w00109,"Zwei Liebesbriefe, 1874."
w00110,"gere, Domesnäs und anderes, 1902."
w00111,"Ioseph u. Arvid (Ge.), 1889."
w00112,"Pietro Aretino (Dr.), 1889."
w00113,"Spurius Carvilius Ruga (Dr.), 1889."
w00114,"Mannesworte an die Treuen und Protestanten der Zeit (G.), 1892."
w00115,"Tod dem Verräter! (Dr.), 1892."
w00116,"Russisches Leben (Nn. u. Sk.), 1892."
w00117,"Der Arbeiterkaiser (Tr.), 1892."
w00118,"Die siebente Großmacht, oder: Der Schatten (Lsp.), 1896."
w00119,"Einer für alle (Tr.), 1900."
w00120,"Des Sittenmeisters Ärgernisse (Komödie), 1901."
w00121,"Der Zorn Iehovas (Tr.), 1902."
w00122,"III, Orla (Dr. G.), 1844."
w00123,"Die Wände (Pol. Kom.), 1848."
w00124,"Lea (Dr.), 1848."
w00125,"Grabbes Herzog Theodor von Gotland, für die Bühne bearbeitet, 1855."
w00126,"Simson (Dr.), 1859."
w00127,"Das Bergwerk im Königsbau (Festsp. zur Einweihung des Königsbaues), 1861."
w00128,"Enzio von Hohenstaufen (O. in 4 A.), 1862."
w00129,"Iesus der Christ (Dr.), 1865."
w00130,"Konrad der Zweite (Hist. Schsp.), 1867. König Helge (Dram. Szene), 1875."
w00131,"Willa (Schsp.), 1875."
w00132,"Fahrten durch Norwegen, 1877."
w00133,"Gedichte (a. seinem Nachlaß ausgew.), 1892."
w00134,Sämtliche Dramen (hrsg. von Ernst Ziel); 1893-94.
w00135,"Iokaste (Tr.), 1844."
w00136,"Tiresias (Dr.), 1878."
w00137,"Des Greises Erzählung, 1880."
w00138,"Die Bevölkerung der Urzeit (E.), 1886."
w00139,"Der Dichter der Gegenwart (Auswahl der Ge. v. G. E.), 1889."
w00140,"II,Morgenrot (Iugendlieder), 1870. ‒ Wein-Album (Ge.), 1880. ‒ Eine Hochzeitsreise, 1882. ‒ Normannische Balladen, 1884. ‒ Im Windesrauschen (Ep. Dn.), 1890. ‒ Beatennacht (Märchengesang a. Kurland), 1900. ‒ „Meine Stärke und mein Schild“ (Ge.), 1903. ‒ Zeichnungen eines Fahrenden (Nn., Studien und Erinnerungsblätter); 1. Bd., 1908. ‒ Gunnar von Hlidarandi (Isländ. Epos in 36 Ges.); 1909."
w00141,"Der grüne Tropfen (Nn.), 1907."
w00142,"Der erste Patient (Schw.), 1893."
w00143,"Ein gebeizter Schurke (Übermütige Geschn.), 1899."
w00144,"Die Nonne von Ghioceni u. andere rumänische Geschichten, 1899."
w00145,"Rumänische Hochzeitsund Totengebräuche, 1899."
w00146,"Dragan Bratow (R. aus Rumänien), 1899."
w00147,"Anca (Dr.), 1904."
w00148,"System Aubert (Komödie), 1904."
w00149,"Korrekt (Dr.), 1905."
w00150,"Fein gesponnen (R.), 1908."
w00151,"Poetischer Nachlaß; hersg. von Grave und Möller, 1833."
w00152,"Novellen, 1884."
w00153,"Der Wohltäter (Lsp.), 1903."
w00154,"Das einzige Hotel (Lsp.), 1904."
w00155,"Geld ist die Hauptsache (Lsp.), 1904."
w00156,"Kampf (R.), 1909."
w00157,"Die Verschwörer (Schw.), 1910."
w00158,"Die Kinder des Verbannten (R.), 1883."
w00159,"Die Frau des Verwalters (R.), 1879."
w00160,"Von hier und dort und überall (Gesammelte Novellen), 1893."
w00161,"Vi(Dr.), 1899."
w00162,"Per aspera ad (Schsp.), 1902."
w00163,"Napoleon I. im Verhängnis? (Milit. Sittenbild a. einer großen Garnison), 1898. 4. A. 1904."
w00164,"deant astra deutschen Drama (Beitrag z. Technik des histor. Dr.), 1903."
w00165,"An ihren Früchten ... (R. a. einer Großstadt), 1904."
w00166,"Ylo, Kaupos Sohn und Hanns von Tiesenhausen (E. f. d. reifere Iugend), 1901."
w00167,"Erleben (Livländ. R. a. d. Revolutionszeit), 1908."
w00168,"Cord Dürkop (E. a. d. Reformationszeit, Forts. von Ylo, Kaupos Sohn), 1909."
w00169,"Nordische Lieder, 1877."
w00170,"Neue nordische Lieder, 1894."
w00171,"Madlena Battani (Ep. D.), 1899."
w00172,"Neue Dichtungen, 1902."
w00173,"Lieder einer Lipländerin, 1896."
w00174,Balladen und Lieder von
w00175,"r, Sch[ellbach], C. Glitsch, A. W. Wittorff, C. Stern, 1846."
w00176,"Aus der Einsamkeit (Lr.), 1849."
w00177,"Ein Liebesroman (6 Lr. in Musik gesetzt von I. I. Schramek), 1850."
w00178,"Septembermoos (Ge.), 1850."
w00179,"II, 1905. Am Strome der Zeit (Dn.), 1885."
w00180,"Das Baltische Dichterbuch (Anthol. mit biographisch-kritischen Studien), 1894."
w00181,"Heinrich Heine als deutscher Lyriker (Eine literarische Ketzerei), 1894."
w00182,"Der Segen der Sünde (Geschichte eines Menschen), 1897. 10. T. 1905."
w00183,"Probleme und Charakterköpfe (Studien zur Literatur unserer Zeit), 1897. 12. T. 1905."
w00184,"Gottsuchers Wanderlieder (Dn.), 1898."
w00185,"Die Halben (R. aus unserer Zeit), 1. u. 2. A. 1900."
w00186,"Lucian (Auswahl a. seinen Schriften, hrsg.);"
w00187,"Aus deutscher Dämmerung (Schattenbilder einer Übergangskultur), 1. u. 2. A. 1909."
w00188,"Christian Günther (Schsp.), 1882."
w00189,"Strandgut (Schsp.), 1885."
w00190,"Hans im Glück (Schsp.), 1886."
w00191,"In Kaisers Schutz (Festsp.), 1887."
w00192,"Im Bann der Bühne (Ge. eines Schauspielers), 1901."
w00193,"Im Theaterland (Hum. Sk.), 1908."
w00194,"Büchlein der Lieder, 1850."
w00195,"Fünfzig Stunden auf der Düna (Poet. E.), 1850."
w00196,"Neue Gedichte, 1851."
w00197,"Verandi (Zeitgedicht), 1855."
w00198,"Schatten u. Helle (Ge.), 1906."
w00199,"Sonette von der Liebe, 1908."
w00200,"Der Magier (Dr. in russisch. Sprache, deutsch von P. Potjomkin), 1909."
w00201,"„Telemach“ (Ge.), 1911."
w00202,"Lyrik (Ge.), 1900."
w00203,"Hal Früchte der Schuld (Bürgerl. Tr.), 1892."
w00204,"Die Eifersüchtigen (Schsp.), 1893."
w00205,"Verkommen (Sittendrama), 1893."
w00206,"Das Privatlogis (Lsp.), 1894."
w00207,"Anka (Dram. Bild), 1894."
w00208,"Wohltäter (Modernes Dr.), 1895. 2. A. 1899."
w00209,"Muttersöhne (Dr. Lebensbild), 1896. 2. A. 1899."
w00210,"Die Gallenen (Märchendrama), 1900."
w00211,"Er und Sie (Tr. eines Weibes), 1902."
w00212,"Napoleon (Dr. G.), 1880."
w00213,"Goethe in der Epoche seiner Vollendung (1805-32), 1887."
w00214,"Die klassische Asthetik der Deutschen, 1892."
w00215,"Essays und Studien zur Literaturgeschichte, 1899."
w00216,"Schiller (Biogr.), 1898. 3. A. 1905."
w00217,"Goethes Gedichte in chronolog. Ordnung hrsg., 1901."
w00218,"Der deutsche Klassizismus im Zeitalter Goethes (Literar. Sk.), 1906."
w00219,"II, 1859-61."
w00220,"Das Albungenlied (Ep. G. a. d. deutschen Sage); hohe Lied, übers. v. Willeram, erklärt von Relindis u. Herrat, Äbtissinnen zu Hohenheim im Elsaß; hrsg., 1864."
w00221,"Untersuchungen zu Gudrun, 1866."
w00222,"Maiblumen (Lr. einer Stillen im Lande; hrsg. v. Gustav Knak), 1860."
w00223,"Blumen aus Gottes Garten (Lr. u. Ge.), 1902."
w00224,"III, Die Kinder des Kommunisten (Volksschr.), 1877."
w00225,Romant. Erzählungen aus Thüringens Vorzeit; 1885-87.
w00226,"Kinderdramen (Theaterstücke, Puppenspiele ꝛc.), 1888."
w00227,"Im Banne der Schmach (R.), 1885."
w00228,"Dimitar (Histor. R.), 1886."
w00229,"Schloß Übermut (N.), 1898. 2. A. 1902."
w00230,"Arbeit (Schsp.), 1899."
w00231,"Mesalliancen (12 Liebesund Ehegeschichten), 1900."
w00232,"Die Könige (Dr. G.), 1901."
w00233,"Die Sünden der Väter (Novelletten), 1905."
w00234,"Thomas Kerkhoven (R.), 1906. 4. T. 1907."
w00235,"Fräulein Resi (Kom.), 1907."
w00236,"Wider die Natur (N. in V.), 1878."
w00237,"Träumer-Erich (N. in V.), 1879."
w00238,"Gedichte, 1882."
w00239,"Mutterlieder, 1896. Neue Ausg. 1902."
w00240,"Verse, 1900."
w00241,"Gedichte, 1878."
w00242,"V. Gedichte, 1898. 2. A. 1903."
w00243,"Zu höheren Sternen (Ein Strauß relig. Lyrik), 1903."
w00244,"König Gustav Adolfs Vikingerfahrt nach Reval (Ep. G.), 1909."
w00245,"Heimatstimmen (Ein baltisches Iahrbuch; hrsg. mit Viktor Wittrock), 1.- 5. Iahrg. 1904-'12."
w00246,"Reisemomente, 1886. 3. A. 1890."
w00247,"Von der Donau bis zur Demboviza, 1893."
w00248,"Die Iuden im Orient, 1893."
w00249,"Vom Kreuz zum Halbmond, 1894."
w00250,"MittelmeerFragmente, 1895."
w00251,"Im Morgenland, 1896."
w00252,"Streifzüge und Streiflichter, 1897."
w00253,"Ienseit der Pyrenäen (Kulturbilder aus Spanien, Portugal, Marokko), 1898."
w00254,"Unter der britischen Flagge, 1889."
w00255,"Wanderungen in Rußland (Zeitbilder), 1900."
w00256,"Die nordische Atlantis (Island und Faröer). Kulturbilder und Landschaften, 1904."
w00257,"IaeII, 1882."
w00258,"III, 1886."
w00259,"Pyramide u. Ölberg (Reiseerinnerungen), 1877."
w00260,"Konflikte (R.); Verwirrte Fäden (R.), 1882."
w00261,"Vorurteile (R.), 1882."
w00262,"Licht, mehr Licht (Livländischer R.); Eine Schweizerreise (N.), 1891."
w00263,"Herzens-Irrlichter (N.), 1896."
w00264,"Der Schwur auf dem Ölberg (R.), 1897."
w00265,"II, 1881"
w00266,"88. Liederbuch eines Balten, 1880."
w00267,"Sagen und Märchen des estnischen Volkes, übers.;"
w00268,"Gedichte, 1874."
w00269,"Gedichte, 1899. 7. A. 1908."
w00270,"Maienregen, Gottessegen (Volksbuch), 1904."
w00271,"Freud’ und Leid (Ostpreuß. Volksbuch), 1905."
w00272,"Festblüten (Für die Feierstunden der Frauenhilfe), 1. Heft, 1906."
w00273,"Festgedichte und Freundesgüße, 1906."
w00274,"Neue Gedichte, 1908."
w00275,"Kad Wandertage in Italien, 1874."
w00276,"Durstige Tage (Eine welsche Weinwanderung), 1874."
w00277,"Italiens Wunderhorn (Volkslieder in deutscher Übertrg.), 1878."
w00278,"Sommerfahrt durch Italiens südliche Provinzen, 1880."
w00279,"Unter den Olivenbäumen (Süditalien. Volksmärchen), 1880."
w00280,"Italienische Gipsfiguren, 1881. 3. A. 1891."
w00281,"Italien (Eine Sommerfahrt), 1881."
w00282,"Skizzen u. Kulturbilder aus Italien, 1882. 2. A. 1891."
w00283,"Pompejanische Novellen und andere, 1882."
w00284,"Nach dem Süden (Wanderungen; mit Fritz Wernick), 1882."
w00285,"Die Insel Ischia in Natur-, Sittenu. Geschichtsbildern, 1883."
w00286,"Neue Welschlandbilder und Historien, 1886."
w00287,"Sonnenbrut (Kopien realist. Bilder aus der neuesten italienischen Novellistik), 1887."
w00288,"Volkstümliches aus Süditalien, 1896."
w00289,"Rotes Blut und andere Geschichten aus Süditalien, 1897. 2. Aufl. 1900."
w00290,"Aventjuren im Reiche Fabula u. Gedichte, 1906."
w00291,"Romanzen und Lieder, 1910."
w00292,"II, 1898.Kel Ein Fahrenhöft (E. a. dem russischen Leben), 1888. 3. A. 1902."
w00293,"Zweimal gestorben (R. a. d. russischen Leben), 1888. 2. A. 1901."
w00294,"Sein Erbe (desgleichen), 1889. 2. A. 1896."
w00295,"Aus Rußlands Steppen (Christliche En.), 1891. 2. A. 1900."
w00296,"Um freien Glauben (E. a. Südrußland), 1892. 6. T. 1907."
w00297,"Die Natschalniza (R.), 1892. 3. A. u. d. T.: Iadwiga (Die Natschalniza. R. a. d. russisch. Leben der Gegenwart), 1903."
w00298,"Steppenbilder und Steppenleute (En.), 1894. 2. A. 1900."
w00299,"Im Wegewinkel (Etwas für Christen und solche, die es werden wollen), 1894. 10. T. 1904."
w00300,"Heimwärts (En.), 1894. 4. A. 1905."
w00301,"Mosaik, 1895. 2. A. 1901."
w00302,"Mein Fremdenbuch (Erinnergn. an Rußland), 1895. 4. Aufl. 1909."
w00303,"Weihnachtsbüchlein für kleine und große Kinder, 1895."
w00304,"Das Salz der Erde (N.), 1895. 2. A. 1902."
w00305,"Der Brautwächter (N. aus Rußland, 1896. 3. A. 1901."
w00306,"Von hüben und drüben (En.), 1896. 2. A. 1904."
w00307,"Momentbilder vom Karneval (En.), 1897. 4. A. 1902."
w00308,"Im Schatten der Schuld (R.), 1898. 2. Aufl. 1900."
w00309,"Zum Sonntagabend (En.), 1. Bd., 1898. 2. A. u. d. T.: Wenne Pridik (E.), 1902."
w00310,Doktor Vorwärts’ zweite Trauung (R.);
w00311,"Die halbe Verlobung (Sylter N.), 1899."
w00312,"Oberlicht (E.), 1899. 10. T. 1905."
w00313,"Der Vasenpfennig (N. a. d. Gegenwart), 1900."
w00314,"Vom braven Schlingel (E.), 1900."
w00315,"Seine Spuren in der Steppe (E.), 1901."
w00316,"Menschwerdung (Soz. R. a. d. Gegenwart), 1902. 6. A. 1903."
w00317,"Den Meinen erzählt (En.), 1. u. 2. A. 1903."
w00318,"Lebendiges Echo (En.), 1904."
w00319,"Wildes Taufen (E.), 1904."
w00320,"Die goldene Feder. Heilserum (2 En.), 1905."
w00321,"Sein eigen (Lebensbuch für junge Männer), 1905. 4. A. 1909."
w00322,"Ein Höhenweg (Ein Buch f. konfirmierte Mädchen), 1906. 6. A. 1909."
w00323,"Keu Der alte und der neue Glaube (Lebensbild), 1884."
w00324,"Die Kosaken (N. v. Tolstoi, übers.), 1885."
w00325,"Goethes Religion u. Goethes Faust, 1898."
w00326,"Die Braut von Korinth (Tr.), 1843."
w00327,"Rumänische Volkspoesie, übers., 1857. "
w00328,"Aus der Moldau (Bilder u. Sk.), 1860."
w00329,"Kleine Geschichten a. d. großen Welt, 1862."
w00330,"Laskar Vioresku (Moldauisches Genrebild), 1863."
w00331,"Fritz Reckensteg, (R.); II, 1885."
w00332,"Romantik und Naturalismus (Liter. Kreuzu. Quersprünge), 1891."
w00333,"Zwischen Narowa und Niemen (Baltische En. u. Sk.), 1891."
w00334,"Auslese (Schsp.), 1894."
w00335,"Germanenblut im Osten (En. und Sk.), 1894."
w00336,"Im Zuge der Pest (E. a. Kurlands Vorzeit), 1895."
w00337,"Leuktra, Legnano, Tannenberg u. Iena (Militärpolit. Essays), 1906. 1863."
w00338,"Fritz Reckensteg, (R.); II, 1885."
w00339,"Gereimtes und Ungereimtes, 1892."
w00340,"Das Vermächtnis des Tacitus (Sat. von Caligula Quitte [pseudon.]), 1896."
w00341,"Ritter Hans (Schsp.), 1897."
w00342,"Sirenenliebe [Spaltenumbruch] Krü (Ein Rivieraroman), 1897. 2. Aufl. 1902."
w00343,"Waldhüters Weihnacht (Dramat. Festsp. f. Kinder), 1897. 6. T. 1908."
w00344,"Simple Lieder, 1898. 2. A. 1900."
w00345,"Der junge Eichendorff (Beitrag zur Gesch. der Romantik), 1898. 2. A. 1908."
w00346,"Der Weg im Tal (R.), 1900. 4. T. 1905."
w00347,"Pseudoromantik: Friedrich Kind und der Dresdener Liederkreis, 1904."
w00348,"Kritische Studien über das Dresdener Hoftheater, 1904."
w00349,"Gottfried Kämpfer (Ein Herrnhuter Bubenroman), 1904. 28. T. 1910."
w00350,"Der Kronprinz (Dramat. Historie), 1907."
w00351,"Der Graf von Gleichen (Tr.), 1908."
w00352,"Kaspar Krumbholtz (R.); II, 1909‒10. 10. T. 1910."
w00353,"Wilhelm Raabes Anfänge (Literar. Studie), 1911."
w00354,"Erlebtes und Erstrebtes (Ge.), 1911."
w00355,"Andenken aus der Vergangenheit (Lr. a. d. Nachlasse), 1888."
w00356,"Freilicht-Skizzen aus Rußland u. anderes, 1901."
w00357,"Wera Minajew. Kämpfe einer Mädchenseele (R.), 1902."
w00358,"Die Insel des Lebens (M. u. Phantasien), 1906."
w00359,"Mutterschaft (Baltischer R.), 1907."
w00360,"Drei Menschen (Psycholog. N.), 1907."
w00361,"Der Schmerzenssohn (Eine stille Gesch.), 1909."
w00362,"Doppelseele (R.), 1910."
w00363,"Rote Tage (Baltische Nn. a. d. Revolutionszeit), 1911."
w00364,"Gedichte, 1902."
w00365,"Drei Waldmärchen, 1903."
w00366,"Koeur-As (R.), 1905."
w00367,"Nordische Geschichten, 1909."
w00368,"Der Schmied vom Eiland (Ge. Neue Folge), 1909."
w00369,"Am Scheidewege (Ge.), 1898. 2. A. 1900."
w00370,"Die schönen Frauen, 1901."
w00371,"Aus Dunkel und Dämmerung, 1902."
w00372,"Fern von der Heimat (R.); III, 1886."
w00373,"Farbenspiele des Lebens (R.), 1893."
w00374,"Praktisches Mitauer Kochbuch. 4. Aufl. 8. (397) Mitau 1862, Neumanns Verlag. 3.-; geb. 4.-"
w00375,"Lilli (in zehn Liedern) von Minna (pseud.), 1826."
w00376,"Genius, Phantasie u. Imagination (Son.), 1834."
w00377,"Das Paradies u. die Peri (n. Thomas Moore), 1837."
w00378,"Die Psalmen (Auswahl), metrisch übers., 1838."
w00379,"Gedichte, 1848."
w00380,"Stromesopfer (G.), 1850."
w00381,"Die Mißverständnisse eines Abends (nach Goldsmith), 1852."
w00382,"Anna. Ein livländisches Lebensbild (G), 1858."
w00383,"Die Waise (Poet. E.), 1860."
w00384,"Die beiden Efeuranken (M.), 1860."
w00385,"Gedichte, 1862."
w00386,"Aus der Heimat (Ge.), 1880."
w00387,"Doktor Löwenthal, 1888."
w00388,Iohann Reinhold Patkul (Tr.); II (Gertrud Lindenstern.
w00389,"Patkuls Tod), 1879-80."
w00390,"Frau Marianne (Dr.), 1882."
w00391,"Das Buch der Frauen (Zeitpsycholog. Porträts), 1894."
w00392,"Wir Frauen und unsere Dichter, 1895."
w00393,"Zwei Frauenerlebnisse (Nn.), 1895."
w00394,"Karla Bühring (Frauendrama), 1895."
w00395,"Frau Lilly als Iungfrau, Gattin und Mutter, 1896."
w00396,"Der Weg nach Altötting und andere Novellen, 1900."
w00397,"Buch der Toten, 1900."
w00398,"Zündende RepertoireCouplets und Vorträge, 1894."
w00399,"Der Dämon (Schsp. nach Lermontow), 1894."
w00400,"Das Geld liegt auf der Straße (Schsp.), 1895."
w00401,"Das große illustrierte Dichterund Künstlerbuch (Anthol.), 1896."
w00402,"Gedichte, 1872."
w00403,"Elsi. Ein Frauenleben (R.), 1905. 2. A. 1910."
w00404,"Eine Erzpessimistin, 1882."
w00405,"Madame Ackermann (Literarhist. Studie), 1882."
w00406,"Reckenspäße (Heiteres Epos), 1896."
w00407," Ferienblüten (Ge.), 1902."
w00408,"Der psychologische Augenblick (Schw.), 1904."
w00409,"Aus siebzehn Zungen (Lr. und Ge., verdeutscht), 1874."
w00410,"Durstige Lieder, 1876. 4. A. 1900."
w00411,"Irung u. Irminfried (Kneiphumoreske), 1880."
w00412,"Juchheidi! (Neue durstige Lr.), 1900."
w00413,"Gedichte, 1892."
w00414,"Festspiel zur Feier der 25 jähr. Direktionsführung d. H. Ed. Berent, 1894."
w00415,"II, 1870.II, 1872.IV,Der Müller v. Pranitz (Dorfgesch.), 1868."
w00416,Ein Judenmädchen (R.)
w00417,Im Sturm der Zeit (R.)
w00418,Siegwart Morgenländer (R.); 1873.
w00419,"NadII. (Schsp., 1872)."
w00420,Im BoudoirI. (Schsp.).
w00421,"Beethovens Maiblüten (Ge.), 1858."
w00422,"Der Grobian (Lsp.), 1880."
w00423,"Sankta Veritas (Ep. D.), 1897."
w00424,"Als Manuskript gedruckt: Ein Geheimnis unter Joseph der Pompadour (Lsp., 1873)."
w00425,Deutsche Ehr’ und Wehr (Schauspiel).
w00426,Stephan Lasontzy (Histor. Schausp.).
w00427,Die Tochter des Defraudanten (Schsp.).
w00428,Im Lande der Philister (Schsp.).
w00429,"Das Midas-Fest, oder: Das Eselsglück (Humoreske), 1907."
w00430,"Dramatische Dichtungen (Schspe.: John Williams. - Der Tugendbold. - Fesseln), 1894."
w00431,"Die Silberhochzeit (Komödie), 1902."
w00432,"Berliner Künstler-Silhouetten, 1902."
w00433,"Die Nähnadel des Hetman (N.), 1883."
w00434,"Das Lied von der Heerfahrt Igors (Ep., aus dem Altrussischen), 1884."
w00435,"III, 1902 [Inhalt: I. Das Recht aufII. Die TreueIII. Die Spitzen (Dr.)]."
w00436,"Les-III. 1906.Vom Baume der Erkenntnis (Dr.), 1899. 2. A. 1906."
w00437,"Der Sündenfall (Dr.), 1900."
w00438,Adam (Dramenzyklus); Reinheit (Prolog).
w00439,(Dr.).
w00440,sing u. das Theater der Gegenwart;
w00441,"Pet Ernst von Schwaben (Tr.), 1873."
w00442,"Konrad von Marburg (Tr.), 1876."
w00443,"Balladen, 1877."
w00444,"Die Eroberung von Konstantinopel (Tr.), 1883."
w00445,"Feldblumen (Ge.), 1860."
w00446,"Klänge vom Donaustrand (Ge.), 1864."
w00447,"Gebrochene Rosen (Ge.), 1866."
w00448,"Wird er wieder kommen? (N.), 1868."
w00449,"Gescheitert und geläutert (R.), 1870."
w00450,"Sagen und Märchen, 1872."
w00451,"Heimatklänge (Ge.), 1875."
w00452,"Der Falkonier (G.), 1880."
w00453,"Soldatenlieder, 1883."
w00454,"Aus der Gesellschaft, 1884."
w00455,"Blumen am Wege (Ge.), 1887."
w00456,"Die Zigeuner (G.), 1887."
w00457,"Lose Blätter (Ge.), 1887."
w00458,"Glande, der Wendenfürst (Dr.), 1888."
w00459,"Lieder und Gesänge, 1891."
w00460,"Balladen u. Donausagen, 1891."
w00461,"II, 1907.Sarmatenliebe (Russische Nn.), 1903."
w00462,"Durchs Fenster gesehn (Nn. u. Sk.), 1905."
w00463,Lebensglaube (R.);
w00464,"Totes Wasser (R. aus Habsburger Landen), 1907."
w00465,"Seltsame Leute (Nn.), 1909. 2. A. 1911."
w00466,"Schlummernde Seelen (Geschn. aus Kleinrußland), 1900."
w00467,"Die schwarze Madonna (desgl.), 1901."
w00468,"Bilder aus der französischen Revolution, 1901."
w00469,"Mose (Ep. G.), 1842."
w00470,"Goethe (G., seinen Manen geweiht), 1852."
w00471,"Festgedichte zur Lessing-Feier, 1860."
w00472,"Hebräische Gesänge. Metr. nachgebildet, 1860."
w00473,"Bajazzo (Ep. G.), 1863."
w00474,"Vierzehn Sonette (zum Geburtstage L. A. Frankls), 1880."
w00475,Zahlreiche poetische Flugblätter.
w00476,In seinem Nachlaß fanden sich: Der letzte der Arpaden (Dr.)
w00477,Esterka (Dr.)
w00478,Metrische Nachbildung der Psalmen.
w00479,XI. (Histor. Gemälde)].
w00480,"RehBlätter (Ge.), 1846."
w00481,"Der Liebestrank (Romant. Dr.), 1848."
w00482,"Neue Gedichte, 1848."
w00483,"Baltisches Album; hrsg. 1848 [Darin von R. u. a.: Liebe, Glaube, Hoffnung (Dr. G.)."
w00484,Herzlos (Dr.).
w00485,"Ein Tag Ludwigs Seemanns Ende (Ep. G.), 1849."
w00486,"Rizzio (Tr.), 1849."
w00487,"Estländische Skizzen, 1848."
w00488,"Elfenmärchen (Dr. D.), 1850."
w00489,"Ein Ring (Tr.), 1851."
w00490,"Die Gräfin von Rochepierre (Lsp.), 1855."
w00491,Die belletristische Literatur der Ostseeprovinzen Rußlands von 1800 bis 1852; 1853.
w00492,"Musenalmanach a. d. Ostseeprovinzen, 3 Iahrg., 1854 bis 1856."
w00493,"Vom Meeresstrande (Ge.), 1856."
w00494,"Herrn Petermanns Schwester (P.), 1867."
w00495,"Aus dem Innersten (Letzte Ge.), 1873."
w00496,"Jesus von Nazareth (Tr.), 1875."
w00497,"Vom Baume der Erkenntnis (Nn.), 1902."
w00498,"Aazo und Linda (Eine Gesch. a. Livlands Vergangenheit), 1902."
w00499,"Moderne Nonnen (Nn. und Sk.), 1903."
w00500,"Reinheit. Die Freunde (2 En.), 1903."
w00501,"Drei aus einem Nest und andere Geschichten, 1905."
w00502,"Gertrud Gawenda (Berliner R.), 1909."
w00503,"Cola Rienzi (Tr.), 1837."
w00504,"Roman einer Stunde (Lsp.), 1838."
w00505,"Martin Giese (Bürgerl. Tr.), 1842."
w00506,"Gedichte, 1842."
w00507,"Ferdinand Walden, oder: Ideal und Leben (Schsp.), 1843."
w00508,"Düwecke (Dr. G.), 1843."
w00509,"Der Sängerinnen Streit (Komöd.), 1844."
w00510,"Chateaubriand (Tr. nebst Vorsp.: Der Cagot), 1845."
w00511,"Der verstopfte artesische Brunnen (P.), 1847."
w00512,"Die Testamentsbraut (Kom. O.), 1849."
w00513,"Des Meisters letzte Stunde (G. zu Mozarts Totenfeier), 1850."
w00514,"Ein Traum (Dr.), 1851."
w00515,"Der schwarze Pirat (O.), 1851."
w00516,"Der Templer (O.), 1853."
w00517,"Die Cholerawaise (Dram. Szene), 1851."
w00518,"Vier Fabeln, 1857."
w00519,"Kommersu. Trinklieder, 1859."
w00520,"Liederbuch (Aus dem Album des Rigaer Dichtervereins), hrsg., 1865."
w00521,"Gedichte aus Riga, (Anthologie; hrsg.), 1867."
w00522,"Drei Frühlingstage und andere Novellen, 1900."
w00523,"Das kleine Heim (Dr.), 1908."
w00524,"Unterwegs (Ein Don IuanDr.), 1909."
w00525,"Der dumme Iakob (Dr.), 1910."
w00526,"Ich kenne sie (Nn.), 1912."
w00527,"Sommer (Kom.), 1912."
w00528,"Dramatische Sprichwörter (3 Lspe.), 1864."
w00529,"Neue dramatische Sprichwörter (3 Lspe.), 1865."
w00530,"Susens Mann und andere Geschichten, 1891."
w00531,"Um ein Königreich und andere Geschichten, 1893."
w00532,"Die Urenkelin und andere Geschichten, 1896."
w00533,"Der Gouverneur und andere Geschichten, 1898."
w00534,"S:II, 1865. 2. A. 1873.III, 1867.-II, 1870.IV, 1874. "
w00535,"Soziale Schatten-SachIV, 1873"
w00536,"74 (DerII, 1873-77.I. MariaII.III, 1873. "
w00537,"Die Messalinen WiensIII, 1874-77"
w00538,"(Inhalt: I. Die schwarzeII. Die Bluthochzeit zu Kiew;III. WolfIV, 1875. "
w00539,"Gali-SachIV, 1878. "
w00540,"Die Ästhe-II, 1879. "
w00541,"II, 1886. "
w00542,"III, 1886II. Die verliebte Redaktion. "
w00543,III. Aus einer andern Welt). 
w00544,"Ma-SachIII, 1890. "
w00545,"Natura-II, 1891. "
w00546,"Charlotte [pseud.], 1891. "
w00547,"Die Aben-II, 1893. "
w00548,"Ein Damen-Kaegeler),II, 1894. "
w00549,"Zoe [pseudon.]), 1894.Entre nousII, 1901. "
w00550,"Venus im Pelz (N.), 3. A.I.II. Starke Herzen. "
w00551,III.IV. Amazonen. 
w00552,V. Richter u. Henker. 
w00553,"VI. Weiber-SachEine galizische Geschichte (Hist. R.), 1858. 2. A. u. d. T.: Graf Donski, 1864. "
w00554,"Der Emissär (Hist. N.), 1863. 2. A. 1873. "
w00555,"Die Verse Friedrichs des Großen (Lsp.), 1864. "
w00556,Kaunitz (Kulturhist. R.); 
w00557,"Der Mann ohne Vorurteil (Lsp.), 1866. 2. A. 1874. "
w00558,Der letzte König der Magyaren (Hist. R.); Die geschiedene Frau (R.); 2. A. 1872. 
w00559,"Aus dem Tagebuche eines Weltmannes, 1870. 2. A. 1872. "
w00560,Das Vermächtnis Kains (R. in 2 Abteilgn.: Die Liebe. 
w00561,"Das Eigentum); bilder, 1872. "
w00562,"Unsere Sklaven (Dr.), 1872. "
w00563,"Falscher Hermelin (Geschn. a. d. Bühnenwelt), 1873. 3. A. 1884 (Inhalt: Eine grausame Reklame. "
w00564,In der Livree der Geliebten. 
w00565,Ein galanter Landesvater. 
w00566,Die neue Pompadour. 
w00567,Ein eheliches Ideal. 
w00568,Der gute Kamerad. 
w00569,Ein harmloser Blaubart. 
w00570,"O welche Lust, geprügelt zu werden. "
w00571,Der Dämon der Iungfräulichkeit. 
w00572,Verkauft. 
w00573,"Ein Rezept, berühmt zu werden. "
w00574,Der Doppelgänger. 
w00575,Moderner Totentanz. 
w00576,Der gelbe Koffer. 
w00577,Wie aus einem „Schicksl“ eine gefeierte Sängerin wird. 
w00578,Flegeljahre eines Idealisten. 
w00579,Der Insurgent. 
w00580,Ein Habitué des Burgtheaters. 
w00581,Adam und Eva. 
w00582,Der weibliche Pandur. 
w00583,Der Roman eines Egoisten. 
w00584,Die Tugend beim Ballett. 
w00585,Maler-Rache. 
w00586,"Eine Vorstellung, die nie stattgefunden hat, und eine Kritik über dieselbe, welche nie erschienen ist). "
w00587,"Zur Ehre Gottes (Ein Zeitgemälde), 1872. "
w00588,Russische Hofgeschichten; Inhalt erschien 1886 in separaten Ausgaben; s. u.!). 
w00589,Wiener Hofgeschichten (Hist. Nn.); Neue Ausg. 1885 (Inhalt: Theresia und die Freimaurer. 
w00590,Das Rendezvous zu Auchstedt). 
w00591,"Ein weiblicher Sultan (Hist. R.); (Geschn. a. d. guten Gesellschaft), 1874. 3. A. 1884. "
w00592,Liebesgeschichten aus verschiedenen Iahrhunderten; Zarin; 900. 
w00593,Die Myrte der Liebenden; 1460. 
w00594,Margarete Lambreu; 1589. 
w00595,Die Venus von Murany; 1644. 
w00596,Gmeleizki der Kosak; 1648. 
w00597,Ein Geniestreich der Pompadour; 1750. 
w00598,946. 
w00599,Uriella; 1592. 
w00600,Sabbathai Zewy; 1666. 
w00601,Die Iudith von Bialopol; 1675. 
w00602,Ewige Iugend; 1681. 
w00603,Der Tränenquell; 1750. 
w00604,und Wölfin. 
w00605,Bovo. 
w00606,Der neue Leander. 
w00607,Der rote Palast. 
w00608,Der Pantoffel der Sappho). 
w00609,"Gute Menschen und ihre Geschichten, 1874 (Inhalt: Aus einer andern Welt. "
w00610,Gläubiger als Heiratsstifter. 
w00611,Die verliebte Redaktion). 
w00612,"Die Ideale unserer Zeit (R.); zische Geschichten (Nn.), 1876. (Inhalt: Magaß der Räuber. "
w00613,Unser Deputierter. 
w00614,Eine Schlittenfahrt. 
w00615,Der Iesuit. 
w00616,Fahrende Komödianten. 
w00617,Der verwandelte Pfarrer. 
w00618,Das Erntefest. 
w00619,Die Toten sind unersättlich). 
w00620,"Iudengeschichten, 1878. "
w00621,"Harmlose Geschichten a. d. Bühnenwelt, 1878. "
w00622,"Der neue Hiob (R.), 1878. "
w00623,"Die Republik der Weiberfeinde (R.); tik des Häßlichen (E.), 1880. "
w00624,"Silhouetten (Nn. und Sk.); Ein Mann wird gesucht (R.), 1879. "
w00625,"Falscher Hermelin. Kleine Geschn. a. d. Bühnenwelt. Neue Folge, 1879. "
w00626,"Galizische Geschichten. Neue Folge, 1881. "
w00627,"Basyl der Schatzgräber und andere seltsame Geschichten, 1880. "
w00628,"Neue Iudengeschichten, 1881. "
w00629,"Der Hajdamak (N.), 1882. "
w00630,"Der Iudenraphael, 1882. "
w00631,"Der Ilau, 1882. "
w00632,"Volksgericht (N.), 1882. "
w00633,"Das schwarze Kabinett, 1882. "
w00634,"Der alte Kastellan, 1882. "
w00635,"Hasara Raba (N.), 1882. "
w00636,"Das Testament (N.), 1882. "
w00637,"Basil Hymen (N.), 1882. "
w00638,"Das Paradies am Dniestr (N.), 1882. "
w00639,"Frau von Soldan (E.), 1884. "
w00640,"Der kleine Adam. Sascha und Saschka, 1885. "
w00641,"Die Seelenfängerin (R.); Kleine Mysterien der Weltgeschichte, 1886. "
w00642,"Die Bluthochzeit zu Kiew. Ariella (2 En.), 1886. "
w00643,"Das Erntefest. Die Toten sind unersättlich (2 Nn.), 1886. "
w00644,Gute Menschen u. ihre Geschichten (Novellenbuch); (Inhalt: 1. Gläubiger als Heiratsstifter. 
w00645,"gaß, der Räuber. Unser Deputierter (2 galiz. Geschn.), 1886. "
w00646,"Zwei Soireen der Eremitage. Diderot in Petersburg (2 russ. Hofgeschn.), 1886. "
w00647,"Die letzten Tage Peters des Großen (Hofgesch.), 1886. "
w00648,"Ewige Iugend u. andere Geschichten, 1886. "
w00649,"Liebesgeschichten aus verschiedenen Iahrhunderten (Nn., 2. Samml.), 1886. "
w00650,"Eine Schlittenfahrt und andere Geschichten, 1886. "
w00651,"Ungnade um jeden Preis (Hofgesch.), 1886. "
w00652,"Sabbathai Zewy. Die Iudith von Bialopol (2 Nn.), 1886. "
w00653,"Polnische Ghettogeschichten, 1886. "
w00654,"Die Hochzeit im Eispalast. Der neue Paris (2 Hofgeschn.), 1886. "
w00655,"Frauenrache. Eine weibliche Schildwache (2 Hofgeschn.), 1886. "
w00656,"Das Märchen Potemkins. Venus u. Adonis (Desgl.), 1886. "
w00657,"Amor mit dem Korporalstock. Eine Frau auf Vorposten (Desgl.), 1886. "
w00658,"Eine Kaiserin beim Profoß. Nero im Reifrock (Desgl.), 1886. "
w00659,"Nur die Toten kehren nicht wieder. Die Kunst, geliebt zu werden (Desgl.), 1886. "
w00660,"Ein Damenduell (Hofgesch.), 1886. "
w00661,"Polnische Geschichten, 1887. 2. A. 1906. "
w00662,"Deutsche Hofgeschichten (Geschn. a. d. Zopfzeit), 1890. "
w00663,"Die Schlange im Paradies (Russischer Sittenroman); listische Kabinettsstücke; Die Einsamen, 1891. "
w00664,"Im Reich der Töne (Nn.), 1891. "
w00665,"Zu spät. Die Kartenschlägerin (Nn.), 1891. "
w00666,"Ein weiblicher Sultan (Histor. R.), 1891. "
w00667,"Tante Lotte (Nn. von Arand teuer des Franz vom Mieris u. andere Malergeschichten, 1892. "
w00668,"Lustige Geschichten a. d. Osten, 1892. "
w00669,"Bühnenzauber (R.); Duell (Lsp., mit Gustav 1893. "
w00670,"Terka. Die Maus. Maria im Schnee (3 En.), 1893. "
w00671,Die Satten und die Hungrigen (R.); Ein Märtyrer der Liebe (R. v. von Rodenbach 
w00672,"Vom Baume des Schweigens. Tag und Nacht in der Steppe (2 Nn.), 1895. 2. A. 1897. "
w00673,"Eudoxia, die Sängerin und andere galizische Novellen, 1895. 3. A. 1897. "
w00674,"Fahrende Komödianten und andere Novellen, 1895. 3. A. 1897. "
w00675,"Polnische Iudengeschichten, 1896. "
w00676,"Die Stumme (R.) und: Turandot (N.), 1897. "
w00677,"Im Böhmerwald. Mein Freund Wodakoski (2 Nn.), 1898. "
w00678,"(R.), 1898. "
w00679,Hinterlassene Novellen; 1904. 
w00680,"Afrikas Semiramis (R., hrsg. von C. F. von Schlichtegroll), 1901. "
w00681,"Die Kartenschlägerin (N.), 1906. "
w00682,"Grausame Frauen, 1907 (Inhalt: Sphinxe. "
w00683,Sieger u. Besiegte. 
w00684,rache). 
w00685,"Die Liebe des Plato, 1907."
w00686,"Studien und Skizzen, 1882. 2. A. 1892."
w00687,"Spätherbst (Ge.), 1884."
w00688,"Allein (Ge.), 1886."
w00689,"Das Fräulein von Entragues (Schsp.), 1894."
w00690,"Historien, 1895."
w00691,"Liebe und Leben (Glossen), 1907."
w00692,"Balladen und Lieder von-r-, Sch(ellbach), Glitsch, Stern und Wittorf, 1846."
w00693,"Ferraro (Schsp.), 1855."
w00694,"Die Ehre des Mannes (Schsp.), 1861."
w00695,"Devereux (Tr.), 1861."
w00696,"Eine Nacht in Solferino (Schsp.), 1862."
w00697,"Die Görlitzer Iäger (Schsp.), 1870."
w00698,"Geld (Schsp.), 1872."
w00699,"Zwei Waisen (Schsp.), 1875."
w00700,"II, 1892."
w00701,"Der Bilder aus dem serbischen Volks- und Familienleben, 1882."
w00702,"Verschlungene Wege (En.: Von der Landstraße. Meister Milutin), 1886."
w00703,"Onkel Benjamin (Gesch. f. d. reif. Iugd.), 1889."
w00704,"Iugendstürme (R.); arme Mujo (Orient. Gesch.), 1894."
w00705,"Der Theologe (Schsp.), 1908."
w00706,"SchlUms Brot (R.), 1899."
w00707,"Ich will es sühnen (R.), 1901."
w00708,"Ein Mutterherz. Ehre Vater und Mutter. Unser erster Weihnachtsbaum (3 En.), 1903."
w00709,"Subotins Erbe (Krim.-R. a. d. russ. Gesellschaft), 1904. 3. A. 1907."
w00710,"Erkämpft (R.), 1904."
w00711,"Iugendschuld (R.), 1904."
w00712,"Verblutet (R.), 1905."
w00713,"Lebenskrisen (R.), 1905."
w00714,"Iunge Ehen (Nn.), 1904."
w00715,"Sonnensehnsucht (R.), 1911."
w00716,"RiesAm Astjärw (Livländ. Sg.), 1889."
w00717,Gedichte. 1894.
w00718,"Nesthäkchen (R.), 1898."
w00719,"Endlich gefunden (R.), 1900."
w00720,"Frau Herdanas Freier (R.), 1911."
w00721,"Wolgalieder (R.), 1912."
w00722,"Feuerzauber. Das lahme Lorchen (2 En.), 1912."
w00723,"Moderne Novellen, 1891. (Inhalt: Dmitri."
w00724,Die Narowanixe.
w00725,Ein Fragment.
w00726,Helgoland).
w00727,"Schattenbilder aus dem Lande des Sonnenscheins (Poet. Nn.), 1896 (Inhalt: Santa Maria del Mar."
w00728,Sein Iugendtraum).
w00729,"Ein letzter Wille (R.), 1906."
w00730,"Verirrt (R.), 1905."
w00731,"Herbstfäden (Nn.), 1913."
w00732,"Über das Dämonische bei Goethe (Essay), 1901."
w00733,"Fremdes Glück (N.), 1902."
w00734,"Rettung (R.), 1904."
w00735,"Kaiser Tiberius auf Capri (Hist. R.), 1908."
w00736,"Rafael von Urbino (Kulturhistor. R.), 1911."
w00737,"SchöBunte Märchen, 1887. 2. A. 1896."
w00738,"Klumpe-Dumpe und andere Märchen, 1892."
w00739,"Liebeswirren (Nn.), 1893."
w00740,"Ein unmodernes Mädchen (R.), 1903."
w00741,"Fort damit! (Lsp.), 1904."
w00742,"Selbstverrat (Dr.), 1905."
w00743,"Vorstudien (Lustsp.), 1908."
w00744,"Nachsaison (Lustsp.), 1908."
w00745,"Sturm (Schsp.), 1910."
w00746,"Von der Nordmark (Rz. u. Ball.), 1869."
w00747,"SchrKönig Sundara (Tr.), 1887. 2. A. 1889."
w00748,"Gedichte, 1889."
w00749,"Darah, oder: Schah Dschehan und seine Söhne (Histor. Tr.), 1891."
w00750,"Worte der Wahrheit (Buddhistische Spruchsamml.), 1892."
w00751,"Der Templer und das Kind der Berge, 1892."
w00752,"Mangoblüten (Samml. indischer Lr. und Sprüche in deutscher Nachbildung), 1892."
w00753,"Livonenlieder (Ge. der studentischen Korporation Livonia; hrsg.), 1877."
w00754,"Indiens Literatur und Kultur (50 Vorlesungen), 1887."
w00755,"Sakuntala (Romantisches Märchenspiel, frei nach Kalidasa für die deutsche Bühne bearbeitet), 1903."
w00756,"Prinzessin Zofe (Indisches Lustspiel), frei für die deutsche Bühne bearbeitet), 1903."
w00757,"Baltische Heimat-, Trutzund Trostlieder, 1906."
w00758,"Germanische Elben und Götter beim Estenvolke, 1906."
w00759,"Mysterium und Minus im Rigveda, 1908."
w00760,"Die Wurzeln der Sage vom heil. Gral, 1910."
w00761,"Die Vollendung des arischen Mysteriums in Baireuth, 1911."
w00762,"Meine Muse. 1. Teil: Lieder und Gedichte, 1878. 2. Tl.: Baltische Schnurren, 1878."
w00763,"Eine tolle Geschichte (Lsp.), 1880."
w00764,"Wilder Garten (Neue Ge.), 1882."
w00765,"Der Prinz wider Willen (Op.), 1890."
w00766,"Baltische Schnurren, 2. Folge, 1895. 3. Folge, 1902."
w00767,"Kompositionen ohne Noten, 1896."
w00768,"Señor Kduckduckduck (Lustige Sommergesch.), 1903."
w00769,"Estnische Schnurren und andere schnurrige Sachen in Vers und Prosa, 1905."
w00770,"Aus alter und neuer Zeit (Orig-Ge. und Übersetzungen), 1907."
w00771,"Nachklänge ans trüben u. heiteren Tagen, 1911."
w00772,The Song of Mani1888.
w00773,"LongLieder und Sprüche a. d. Volke für d. Volk, 1887."
w00774,"toba and other Poems, fellows Evangeline, ins Deutsche übers., 1879."
w00775,"Gedichte, 1847."
w00776,"Palmen und Birken (Dn.), 1852."
w00777,"Deutsche Dichter in Rußland (Studien), 1855."
w00778,"Literarisches Taschenbuch der Deutschen in Rußland, 1858."
w00779,"Über Madeira und die Antillen nach MittelAmerika, 1861."
w00780,"Aus beiden Welten (Dn.), 1863."
w00781,"Herder in Riga, 1868,"
w00782,"Humboldt u. die deutsche Bildungsquelle in Livland, 1869."
w00783,"Karl Walfried von Stern (Nekrolog), 1874."
w00784,"sämtlich Erzählungen für junge Mädchen: Iunge Mädchenherzen im Wechsel des Lebens (2 En.), 1886."
w00785,"Die Familie Horst, 1887."
w00786,"Försters Ella, 1890."
w00787,"Eine junge gnädige Frau, 1888."
w00788,Mädchenblüten (2 Nn.: Die gezähmte Widerspenstige.
w00789,"Nur eine Bonne), 1897."
w00790,"Unser Sonnenkind, 1902."
w00791,"Aus der Iugendzeit (2 En.), Neue Ausg. 1908."
w00792,"Salom und Herwart (Schsp.), 1901."
w00793,"Das Kunkelfräulein (Schsp.), 1901."
w00794,"Iohann Wolthuß von Herse (Tr.), 1903."
w00795,"Iohann Uexküll von Riesenberg (Trag.), 1910."
w00796,"Gedichte, 1839."
w00797,"Ste Was am Grund der Seele ruht (Bekenntnisse eines Seelenarztes), 1909."
w00798,"Nervöse Leute (Kleine Federzeichngn. a. d. Praxis), 1911."
w00799,"Aeskulap als Harlekin (Hum., Sat. u. Phantasie a. d. Praxis), 1911."
w00800,"I. vonII, Ludwig der Kunstsinnige (Festschrift zur Zentenarfeier Ludwigs Bayern), 1888."
w00801,"Bauernfeld, ein Dichterporträt, 1890. 3. A. 1891."
w00802,"Fürst Wladimirs Tafelrunde (Altrussische Heldensagen), 1892."
w00803,"Die Romanows (Intime Episoden aus dem russischen Hofleben), 1893. 3. A. 1906."
w00804,"Aus dem modernen Rußland, 1893."
w00805,"Vom Kaukasus zum Hindukusch (Reisemomente), 1893."
w00806,"Träumereien und Gedichte, 1893."
w00807,"Zwischen Kaspi und Pontus (Kaukasische Sk.), 1896."
w00808,"Zwischen der Ostsee u. dem Stillen Ozean (Zustände und Strömungen in alten und modernen Rußland), 1896."
w00809,"Der kranke Mann (Kulturbilder a. d. Türkei), 1902."
w00810,Geschichte der öffentlichen Sittlichkeit in Rußland (Eigene Ermittelungen und gesammelte Berichte): 1907.
w00811,"Die moderne Türkei (Erinnerungen, Kulturbilder und Reisemomente), 1908."
w00812,"Gedichte, 1844."
w00813,"Balladen und Lieder von-r-, [Schellbach], Glitsch, Stern und Wittorf, 1846."
w00814,"Gedichte; herausg. von Leopold v. Schröder, 1877."
w00815,"Proletarier-Lieder (Gesammelte Dn., dem arbeitenden Volke gewidmet), 1885. 2. A. u. d. T.: Stimmen im Sturm, 1888."
w00816,"Excelsior! (Neue Lr.), 1889."
w00817,"Höhenrauch (Neue Ge.), 1890."
w00818,"Sonnenstaub (Neue Lr.), 1891."
w00819,"Aus dem Tagebuch eines Enthaltsamen (Aphorismen), 1891."
w00820,"Ausgewählte Gedichte, 1891."
w00821,"Nebensonnen (Neue Ge.), 1892."
w00822,"Mattgold (Neue Dn.), 1893."
w00823,"Die Insel Ahasvers (Ep. G.), 1893."
w00824,"Von jenseit des Meeres (Amerik. Sk.), 1890."
w00825,"Aus den Papieren eines Schwärmers, 1893."
w00826,"Stimmen der Stille (Gedanken über Gott, Natur und Leben), 1894."
w00827,"Erster Frühling (Son. und andere Ge.), 1894."
w00828,"Walter Wendrich (R. a. d. Gegenwart), 1895."
w00829,"Dagmar, Lesseps und andere Gedichte, 1895."
w00830,"Walter Wendrichs neue Lieder, 1897."
w00831,"An den schweizerischen Bundesrat (G.), 1897."
w00832,"Lieder eines Buchhändlers (Neue Ge.), 1898."
w00833,"Diomed (Schsp.), 1899."
w00834,"Waldskizzen aus Österreich, 1901."
w00835,"Abendlicht (Neue Ge.), 1901."
w00836,"Das Richtschwert von Tabor und andere Novellen, 1901."
w00837,"Blumen und Blitze (Neue Dn.), 1902."
w00838,"Typen und Gestalten moderner Belletristik und Philosophie, 1902."
w00839,"Sonnenwolken (Neue Strophen), 1904."
w00840,"Der Seiltänzer und andere Erzählungen, 1905."
w00841,"Lieder aus dem Zaubertal, 1905."
w00842,"Donner und Lerche (Neue Ge.), 1907."
w00843,"Gesammelte Erzählungen, 1906."
w00844,"Gesammelte Gedichte, 1906."
w00845,"Wilhelm Iordan, ein deutsches Dichterund Charakterbild, 1910."
w00846,"Wildfeuer (Neue V.), 1911."
w00847,"Der WunderRabbi (R.), 1880."
w00848,"Fräulein Doktor im Irrenhause (Begebenheit aus unserer Zeit), 1881."
w00849,"Der Sohn der Schrift. Die Wundertäter von Kotzk und Plotzk (2 Nn.), 1883."
w00850,"Tie Schneeglöckchen (Deutsche Lr. a. d. Ostseeprovinzen, gesammelt u. herausgeg., m. W. Schwartz), 1838."
w00851,"II, 1862. Frühlingsknospen (Ge.), 1837."
w00852,"Frühlingsblüten (Ge.), 1838."
w00853,Rußlands erstes Iahrtausend (Ep. G.);
w00854,"Gestalten und Träume (Ge.), 1906."
w00855,"Goethe als Dramaturg (Beitrag zur Literatur u. Theatergeschichte), 1908."
w00856,"Woldemar Sacks (Charakter-Sk.), 1909."
w00857,"Die Empfindsamen in Darmstadt (Studien über Männer und Frauen aus der Werther-Zeit), 1910."
w00858,"Klapperstorchs Ende (Sat. Kom.), 1910."
w00859,"Der goldene Christus (Dr.), 1912."
w00860,"III, 1889."
w00861,"Gedichte, 1892."
w00862,"Der Abt (Ep. G.), 1885."
w00863,"Kaiser Iulian der Abtrünnige (Hist. R.); Das Dummchen (R.), 1896."
w00864,"Frau Antonie (R.), 1903."
w00865,"Trotzdem (E.), 1906."
w00866,"Aus Tagen und Nächten (Ge.), 1908."
w00867,"UngII, 1837-38. -II, 1838"
w00868,"PsycheII, 1838."
w00869,"Kallenfels (R.); II,II, 1840."
w00870,"III, 1842.II, 1842."
w00871,"Erzählungen IV, 1844."
w00872,"Iena und II, 1844."
w00873,"Paul (R.);II, 1845."
w00874,"Susanna (R.); II, 1847.-II, 1848."
w00875,"Royalisten (R.);II, 1848."
w00876,"Die gelbe Gräfin (R.); II,II, 1848.-II, 1849."
w00877,"Die beiden Schützen,II, 1851."
w00878,"Ein Fa-III, 1853.-IV,II, 1857-58"
w00879,"Erinnerungs-V, 1855-60"
w00880,"Dorothee von III, 1859."
w00881,"III, 1861."
w00882,"Elisabeth III, 1861."
w00883,"Peter Paul Rubens III, 1862. Die Zerrissenen (N.), 1832."
w00884,"Eduard (N.), 1833."
w00885,"Lessing (N.), 1834."
w00886,"Novellen, 1835 (Inh.: Waldgespenst."
w00887,Die Doppelgängerin.
w00888,Der fliegende Holländer.
w00889,Voltaire in Ferney.
w00890,Das Grab des armen Andrey.
w00891,Die Jesuitenschüler.
w00892,Die Schlacht bei Leipzig.
w00893,Eine Gespenstergeschichte aus alter Zeit.
w00894,Die letzte Rose des Kallenfels.
w00895,Kopernikus.
w00896,Der Herr von Mondschein).
w00897,"Molière (N.), 1835."
w00898,"Galathee (R.), 1836."
w00899,"Schiffersagen; Palmyra, oder: Das Tagebuch eines Papageis (Sat. R.), 1838."
w00900,Fortunat (Feenmärchen); (R.); 1839.
w00901,"St. Sylvan (R.); Georgette (N. in Br.), 1840."
w00902,"Die Großmutter (Lustsp.), 1841."
w00903,"Alfred (R.), 1841."
w00904,Diana (R.);
w00905,"Britannikus (R.), 1842."
w00906,Der Missionär (R.); und Novellen; Leipzig (R.); Berühmte deutsche Frauen des 18. Iahrh.; 1848.
w00907,"Das Buch der drei Schwestern (En., M. u. Nn.); Tutu (Phantastische Exkursionen und poetische Episoden), 1849."
w00908,Wilhelm (R.); 1849.
w00909,"Braune Märchen, 1850. 4. A. 1900. 5. Aufl. u. d. T.: Moosgrüne Märchen, 1904."
w00910,"Der deutsche Gilblas (Kom. R.); sching in Wien, 1851."
w00911,"Der Karneval in Berlin, 1852."
w00912,"Macargan, oder: Die Philosophie des 18. Iahrhunderts (R.), 1853."
w00913,"Die Ritter von Marienburg (R.); Selene, 1853."
w00914,Die Nachtlampe; 1853-55
w00915,"Das stille Haus (E.), 1854."
w00916,"Die Dresdener Galerie (Geschn. u. Bilder); blätter; Kurland (Biogr. R.); Künstlerbilder; Charlotte, Herzogin von Orleans (R.); (Biogr. R.), 1862."
w00917,Kleine Romane und Erzählungen;
w00918,"à vom Tpan Die Schwurbrüder (R.), 1911."
w00919,"Kaukasische Novellen, 1912."
w00920,"Der heilige Il (E. a. dem Kaukasus), 1912."
w00921,"Der Sang von Ssosirko dem Narten (Ep.), 1912."
w00922,"Märchen, 1883."
w00923,"Neue Märchen, 1883."
w00924,"Was die Großmutter erzählte (Bilder u. M. f. d. Frauenwelt), 1884."
w00925,"Backfischchens Lehrund Wanderjahre, 1904."
w00926,"Träumereien an französischen Kaminen (M.), 1871. 30. A. 1904."
w00927,"Aus der Burschenzeit (Id.), 1876."
w00928,"Gedichte, 1878. 3. A. 1885."
w00929,"Kleine Geschichten, 1885."
w00930,"Alte und neue Troubadour-Lieder, 1889."
w00931,"Sämtliche Werke, 1. Bd., 1899."
w00932,"Bergkristalle. Gedichte. 1890. ‒ Die Reform der Ehe. 8. (71) Zürich 1894, Verlags Magazin. 1."
w00933,‒ Lyrisch-satirische Nadelstiche einer verspäteten Iungfrau. 1891.
w00934,"Va banque (Schsp.), 1881."
w00935,"Das Charlotte Corday (Tr.), 1867."
w00936,"Ein Weib der Revolution (Tr.), 1871."
w00937,"Eine Heirat auf Probe (Lsp.), 1872."
w00938,"Brüsseler Spitzen (Schsp.), 1876."
w00939,"Böses Gewissen (Lsp.), 1877."
w00940,"Das Rendezvous im Walde (Lsp.), 1878."
w00941,"Scheidungsgründe (Lsp.), 1879."
w00942,"An der schönen blauen Donau (Lsp.), 1880. Mädchen von Marconet (Tr.), 1882."
w00943,"Genziana (Lustsp.), 1882."
w00944,"ZolaAbende bei Frau von S., 1883."
w00945,"Nicht für Kinder (Novellenbuch), 1884. 7. Aufl. 1892."
w00946,"Buch der Unschuld (Neue Nn.), 1885. 2. A. 1889."
w00947,"Früchte der Erkenntnis (Neue Nn.), 1886."
w00948,"Die Pantoffeln des Hofmeisters (E.), 1887."
w00949,"Mit schönen Frauen (Novellist. Gespräche), 1887."
w00950,"Der Tugendwächter (Lsp.), 1888."
w00951,"Wenn junge Frauen durchgehen (N.), 1888."
w00952,"Das schlechtere Geschlecht (Nn.), 1892."
w00953,"Wie Frauen strafen (2 Nn.), 1892."
w00954,"Fatale Geschichten, 1892."
w00955,"II,II, 1868.III, 1871 [Inhalt:WichIII, 1872."
w00956,"Das eiserneIII,III,II, 1876 (Inhalt:III, 2. A., 1878."
w00957,"Der Freund desIII, 1881.II, 1882."
w00958,"Hohe Gönner (Kom.),WichV,Suum cuiqueII, 1888."
w00959,"Das Grafenkind u.Post festumIII, 1890."
w00960,"DieII, 1892.II, 1893."
w00961,"III,II, 1900."
w00962,"DerWich Unser General York (Vaterl. Schsp.), 1858."
w00963,"Hinterm Rücken (Lsp.), 1859."
w00964,"Der Withing v. Samland (Tr.), 1860."
w00965,"Licht und Schatten (Schsp.), 1861."
w00966,Aus anständiger Familie (E.); 1866.
w00967,"Ihr Taufschein (Lsp.), 1867."
w00968,Ein häßlicher Mensch (R.);
w00969,Kleine Romane; Am Strande (sep. 1879).
w00970,Für tot erklärt (sep. 1879).
w00971,Ein Komödiant.
w00972,Schwester Luise.
w00973,Pauline].
w00974,"Rosa Lichtwart (N.), 1871."
w00975,"Hinter den Kulissen (R.); Kreuz (Lebensbild), 1871."
w00976,"Die Arbeiter (R.), 1873."
w00977,Wider den Erbfeind und andere Erzählungen; 1873.
w00978,"Moritz von Sachsen (Tr.), 1873."
w00979,"Gesammelte dramatische Werke, 1873 [Inhalt: Ein Schritt vom Wege (Lustsp., 1876)."
w00980,"Der Narr des Glücks (Lustsp., 1876)]."
w00981,"Die Fabrik zu Niederbronn (Schauspiel), 1874."
w00982,"Biegen oder brechen (Lsp.), 1874."
w00983,"Die Realisten (Lsp.), 1874."
w00984,Das grüne Tor (R.); 1875.
w00985,"Als Verlobte empfehlen sich (Lsp.), 1875."
w00986,"An der Majorsecke (Lsp.), 1875."
w00987,Novellen; Schuster Lange [sep. 1909].
w00988,Störungen.
w00989,Ein kleines Bild).
w00990,"Die Frau für die Welt (Schsp.), 1876."
w00991,"Die Stimme der Natur (Schsp.), 1877."
w00992,"Die gnädige Frau v. Paretz (Dramolett), 1877."
w00993,"Ein starkes Herz (R.); Fürsten (Lsp.), 1880."
w00994,"In Feindesland (Kriegsbild), 1879."
w00995,"Eine Geige. Drei Weihnachten (2 Nn.), 1880."
w00996,"Rauschen (Id.), 1881."
w00997,"Heinrich von Plauen (Historischer R.); 7. Aufl. 1899. Für die Iugend bearbeitet u. d. T.: Iunker Heinz von Waldstein, von Paul Wichert, 1909."
w00998,"Litauische Geschichten, 1881. Neue Folge, 1890. 3. A. 1904."
w00999,"Der geheime Sekretär (Lsp.), 1881."
w01000,"Nur Wahrheit! Sie verlangt ihre Strafe (2 En.), 1881."
w01001,Aus dem Leben (En.); 1883.
w01002,"Peter Munk (Volksschausp.), 1882."
w01003,"Sommergäste (2 Humoresken), 1883."
w01004,"Eine vornehme Schwester (R.), 1883."
w01005,"Unter einer Decke (Nn.), 1884."
w01006,"Die Braut in Trauer (E.), 1884."
w01007,"Die Bekenntnisse einer armen Seele (Lsp.), 1884."
w01008,"Von der deutschen Nordorst-Mark (4 preuß. Geschn.), 1885."
w01009,"Der Sohn seines Vaters (N.), 1885. 3. A. 1901."
w01010,"Aus verstreuter Saat (R.), 1886."
w01011,"Dido (Scherzsp.), 1886."
w01012,Der große Kurfürst in Preußen (Vaterl. R.); 1887 (Inhalt: 1. Abt.: Konrad Born.
w01013,2. Abt.: Der Schöppenmeister.
w01014,3. Abt.: Christian Ludwig von Kalkstein).
w01015,"Entgleist (N.), 1887."
w01016,"Die Wassernixe (N.), 1887."
w01017,"(R.); andere Novellen, 1889."
w01018,"Eins zum andern (Nn.), 1889.-(Lsp.), 1890."
w01019,"Der Mann der Freundin (Lustsp.), 1890."
w01020,"Tileman vom Wege (Histor. R.); talentvolle Tochter (Lsp.), 1890."
w01021,"Schule und Leben (Nn.), 1891."
w01022,Der jüngste Bruder (Soz. R.);
w01023,"Die Taube auf dem Dache (R.), 1892."
w01024,"Bei frommen Hirten (Kom. O.), 1892."
w01025,"Sein Kind (Schausp.), 1892."
w01026,"Nur ein Iude! Das Grundstück (Neue litauische Geschn.), 1893."
w01027,"Herr von Müller (R.); Aus eigenem Recht (Vaterl. Schsp.), 1894."
w01028,"Frauengestalten (3 Nn.), 1894,"
w01029,"Marienburg (Schsp.), 1895.Blinde Liebe (N.), 1895."
w01030,"Die verlorene Tochter (Hum.), 1895."
w01031,"Anderer Leute Kinder (2 Nn.), 1895."
w01032,"Die Schwestern (Eine literar. Geschichte), 1896."
w01033,"Herrenmoral (R.), 1897."
w01034,"Monte Carlo u. andere Geschichten, 1898."
w01035,Vom alten Schlage (R.); 1898.
w01036,Ein Komödiant (E.); 1898.
w01037,"Die glückliche Insel (Puppenspiel), 1899."
w01038,"Die Gräfin von Schwerin (Hist. Schsp.), 1899."
w01039,"Minister a. D. (R.), 1899."
w01040,"Richter und Dichter (Ein Lebensausweis), 1899."
w01041,"Das deutsche Iahrhundert (Weimar) (5 Einakter von E. W., Ios. Lauff, Gg. Engel, Gg. von Ompteda, Ludw. Iacobowski), 1900."
w01042,"Das Duell. Der Väter Sünden (2 Nn.), 1900."
w01043,"Getrennte Wege (R.); Hinkefuß und andere Novellen, 1901."
w01044,"Im Dienst der Pflicht (Schausp.), 1901."
w01045,Die Thorner Tragödie (R.) 1902.
w01046,"Der zerbrochene Krummstab (N.), 1902."
w01047,"Der Schaktarp (Eine litauische Gesch.), 1902."
w01048,"Geschichten im Schnee, 1903."
w01049,"Gedichte u. Sprüche, 1904."
w01050,"Mütter (2 Nn.), 1904."
w01051,"Paul [pseudonym], 1882."
w01052,"DieDick Auf der Woge des Lebens (Ge. von Nord Maid von Mirogh. Sita (zwei epische Dn.), 1884."
w01053,"Tödliche Triebe (Nn.), 1893 (Inhalt: Blonder Zauber."
w01054,Der Sigenstein.
w01055,Der unfreie Wille).
w01056,"Alpennovellen. 1. Folge, 1894."
w01057,"Höhenluft (Nn.), 2. A. 1896 (Inhalt: Tödliche Triebe; s. o.!"
w01058,Alpennovellen; s. o.!)
w01059,"Helldunkle Lieder, 1897."
w01060,Die Sehnsüchtigen (En. u. Sk.) 1900.
w01061,"Stunden und Sterne (Neue Ge.), 1903."
w01062,"Heilfried (Bühnen-M.), 1903."
w01063,"Rosa Margarete (Traum-M.), 1906."
w01064,"Nurmahal (Märchensp.), 1906."
w01065,"Eine oriental. Nacht (Lsp.), 1906."
w01066,"Dunkle Geschicht., 1910."
w01067,"Ein Gruß aus der Ferne (Ge.), 1881."
w01068,"Gedichte, 1844."
w01069,"Federnelken (Ges. Ge.), 1851."
w01070,"Von Dir und für Dich (Lyr. Kranz), 1854."
w01071,"Baltische Sagen u. Mären, 1859."
w01072,"Brigitte (Lyr.-ep. D.), 1879."
w01073,"Balladen u. Lieder (mit -r, Sch., C. Stern und C. Glitsch), 1846."
w01074,Finis Poloniae.
w01075,"Du bist mein (Zeitroman), 1898. 2. A. 1910."
w01076,"Thoms friert (R. a. der Gegenwart), 1900. 2. A. 1904."
w01077,"Die Stillen im Lande (3 En. a. d. Winkel), 1902 (Inhalt: Unser Kind."
w01078,Sonnenbrüder.) 2. A. 1907.
w01079,"Erdkinder (R.), 1903. 4. Aufl. 1905."
w01080,"Überschwemmung (Eine baltische Geschichte), 1905."
w01081,"Aus roter Dämmerung (Baltische Sk.), 1906. 2. A. 1907."
w01082,"III, 1900. Arkanum (Gesch. a. d. Rokokozeit), 1893."
w01083,Der Unbezwingliche (Histor. Genrebild);
w01084,"Maria (Erzählende D. von Anton Malczeski, deutsch), 1878."
w01085,"Petersburg (G. von Adam Mickiewicz, dtsch.), 1878."
w01086,"Die heilige Familie (Bibl. D. von I. B. Zaleski, deutsch), 1879."
w01087,"Iuristenbrevier (Lehrgedicht), 1879."
w01088,"Fritzchen Stümperleins Buch der Lieder u. Iunge Leiden, 1882."
w01089,"Das Lied vom deutschen Wort, 1892."
w01090,"Gedichte, 2. A. 1892."
w01091,"Erläuterungen zu den Meisterwerken der Literatur, 1.-20. Heft, 1896-1911."
w01092,"Gedichte, 1898."
w01093,"Friedrich Flender (Hist. Dr. a. Siegens Vorzeit), 1893."
w01094,"Ein heiliger Abend (Volksst.), 1893."
w01095,"Dichtungen, 1. Bd., 1869."
w01096,"Pantheon. Ästhetische und belletristische Zeitschrift; 1. Iahrg., 1873."
w01097,"Religiöse Dichtungen, 1881."
w01098,"Zu Alexas Andenken (Poetisches Buch), 1900."
w01099,"Artaxerxes (Dr.), 1891."
w01100,"Warum? (Bn., Rz. u. Lr.), 1893. 3. A. 1899."
w01101,"„Zirp, zirp“ (Waldmärchen), 1899."
w01102,"Der Mohr von Dorpat (R.), 1903."
w01103,"Meine Seelen (Neue Lr.), 1906. 2. A. 1908."
w01104,"III, 1853–55."
w01105,"Sabbatharfe Evangelische Parabeln und Gedichte; (Lr.), 1860."
w01106,"Liederstrauß (Ge.), 1861."
w01107,"Schillerstudien, 1880."
w01108,"D. Schubarts Gedichte, hrsg. 1884."
w01109,"D. Schubart in seinem Leben und seinen Werken, 1885."
w01110,"Shakespeares Hamlet, 1891."
w01111,"II,II, 1880IX,Wilhelm Wolfschild (R.), 1872."
w01112,Allein und frei (R.); 1875.
w01113,Im Gottesländchen (En. aus dem kurländischen Leben); bis 1881 (Inhalt: Im Banne der Vergangenheit. ‒ Um ein Ei. ‒ Unser Graf. ‒ Der Korsar).
w01114,"Das rote Gold (R.), 1881."
w01115,"Die von Kelles (R.), 1885."
w01116,"Kurländische Geschichten, 1892."
w01117,Gesammelte Romane; 1898‒99.
w01118,"Aus meinen Iugendjahren, 1907."
w01119,"SaxLose Blätter (Nn. u. Sk.), 1890."
w01120,"Kleine Geschichten, 1894."
w01121,"Nach freier Wahl (Lsp.), 1898."
w01122,"Iermola (Dorfdrama, n. e. E. des Kraszewski), 1898."
w01123,"Die Künstler-Arche (Sk. a. d. Leipziger Bohème), 1900."
w01124,"Das letzte Glück (Schsp.), 1903."
w01125,"Herbst (Eine Gesch. a. d. Bukowina), 1905."
w01126,"Phaläna und Meli (Modernes im alten Sagenspiegel), 1882."
w01127,"Numa (Gesch. a. altgriechisch-italien. Sagenzeit), 1886."
w01128,"S:III,IV, 1873. 4. A. 1904."
w01129,"Ver-II, 1872."
w01130,"WagienSchuPei-, die Sonnensöhne (Ep.IV, 1868–74."
w01131,"Erzählungen imI. Womba Wiido,II. Manala, inIII. Tuuletar, zwi-Der Strabismus, oder: Die Reise im Eilwagen, 1851."
w01132,"Baltische Skizzen, oder: Fünfzig Iahre zurück, 1852; 1857; stand schafft Leiden (Schsp. aus dem Russischen metrisch übertr.), 1853."
w01133,"Die drei Halsbänder (Schsp.), 1853."
w01134,"Jenseit der Schären (Finnische M. u. Sprichwörter), 1854."
w01135,"PetersLieder (Charakteristik Peters des Großen in Lr.), 1857."
w01136,"Martha Marzibill (E.), 1857."
w01137,"Medizinische Dorfgeschichten, 1860."
w01138,"Dorpats Größen und Typen vor 40 Iahren, 1868."
w01139,"Hallerlei nurrige Sichten (En.), 1869; (Baltische Sk. und Erinnerungen), 1869."
w01140,"Die Philosophie des guten Tons, 1869."
w01141,"Bilder aus dem Süden (Reiseerinnerungen), 1869."
w01142,"vash Parnéh Volkssage), 1872."
w01143,"Sagen vom Ladogasee, 1872."
w01144,"Neue baltische Skizzen, 1873."
w01145,"Gesammelte Schriften; Halbdeutschen u. in gebundener Rede, 2. A. 1869."
w01146,"Ilmator (Eine Commedia turanica. Estnisch und deutsch), 1870 (Inhalt: Idylle auf Erden. – der Unterwelt. – schen Himmel und Erden)."
w01147,"Fee Minnetrost und Krabbetasche (M., bearbeitet von Elisabeth v. Schultz), 1898."
w01148,"XIV.,Heise Pattiner (E. aus Plettenbergs Zeit), 1908."
w01149,"Die Brüder Boismann (E. a. Revals Belagerung 1570), 1910."
w01150,"Als Manuskr. gedruckt: Das stille Schloß (Dr.), 1904."
w01151,"Juda der Jude (Dr.), 1905."
w01152,"Um Hohenberg (Dr.), 1906."
w01153,"Die Glücksritter (Festsp.), 1908."
w01154,"Erich König von Schweden (Dr.), 1909."
w01155,"Hymnen, 1850."
w01156,"Album neuester Dichtungen, 1852."
w01157,"Heimatgrüße aus Niederösterreich (Ge.), 1855."
w01158,"Romanische Poeten in ihren originalen Formen u. metrisch übers., 1864."
w01159,"Der Klosterbau (E.), 1870."
w01160,"Poetisches Gedenkbuch (mit Moritz Amster), 1875."
w01161,"Volkssagen aus der Bukowina, 1885."
w01162,"Kleinrussische Volkslieder (metrisch übers.), 1888."
w01163,"Baltische Dichtungen. 8. (487) Riga 1897, L. Hoerschelmann. 5.–"
w01164,"Was ich gelebt (Lr.), 1868."
w01165,"Nubamus [Es wird geheiratet!] (Eine römische Kom.), 1891."
w01166,"Der Geisterspuk (Alt-Wiener OriginalGesch.), 1892."
w01167,"Die Türkenbraut (Schw.) und: Gedanken über Zola. Nachzitterndes Weh (2 Ge.), 1901."
w01168,"Edward Chaim, oder: Ein Stücklein Welt, durch die Briesmarkenlupe betrachtet (Hum.), 3. A. 1902."
w01169,"Rumänenlieder, 1881."
w01170,"Heimatklänge (Ge.), 1882."
w01171,"Namenlos (Ein Liederkreis), 1883."
w01172,"Zeitgenossen (Biogr. Sk.); 12 Hefte, 1870–71."
w01173,"Laura (N. in V.), 1873."
w01174,"Lieder an eine Frau, 1881."
w01175,"Venus emanci(Satir. Ge.), 1896."
w01176,"Fin de (9 sat. Ge.), 1897."
w01177,"Verliebte Allerlei und noch etwas (Humor. Ge.), 1894."
w01178,"Bunter Kram (Gereimtes und Ungereimtes), 1896."
w01179,"pata siècle Geschichten (Sk. u. En.), 1900."
w01180,"Das Märchen vom Weibe (Sat.), 1900."
w01181,"Sang und Sage vom Kochbrunnen, hrsg., 1896."
w01182,"Warum? Mensch und Buchhändler (Lebensaufzeichnungen), 1898."
w01183,"Lustige Geschichten a. d. Familienleben der baltischen Lande, 1884."
w01184,"Renata (N.), 1885."
w01185,"Poetischer Nachlaß (hrsg. v. s. Vater), 1854."
w01186,"S: Gedichte, 1882."
w01187,"Der Tränenturm. Kaukasische Sage (Ep.), 1885."
w01188,"Töne des Herzens (Ge.), 1833."
w01189,"Der Kirgis-Kaisak (E. von Wassily Uschakow, übers.);"
w01190,"II, 1870.II, 1872.IV,Der Müller v. Pranitz (Dorfgesch.), 1868."
w01191,Ein Iudenmädchen (R.);
w01192,m Sturm der Zeit (R.);
w01193,Siegwart Morgenländer (R.); 1873.
w01194,"Ein Ball im Leben (R. a. weiland Dorpats Tagen), 1894."
w01195,"Mose (Ep. G.), 1842."
w01196,"Goethe (G., seinen Manen geweiht), 1852."
w01197,"Festgedichte zur Lessing-Feier, 1860."
w01198,"Hebräische Gesänge. Metr. nachgebildet, 1860."
w01199,"Bajazzo (Ep. G.), 1863."
w01200,"Vierzehn Sonette (zum Geburtstage L. A. Frankls), 1880."
w01201,Zahlreiche poetische Flugblätter.
w01202,In seinem Nachlaß fanden sich: Der letzte der Arpaden (Dr.)
w01203,Esterka (Dr.)
w01204,Metrische Nachbildung der Psalmen.
w01205,"Gedichte u. Übersetzungen, 1882."
w01206,"Die letzten Menschen. Ein Sommernachtstraum. Der Schatten (3 M. in V.), 1887."
w01207,"IV, 1838–44. – Io-II, 1839."
w01208,"Geschichte der Oper undII, 1879 Bilder aus Berlins Nächten (GenreSkizzen aus Geschichte, Phantasie u. Wirklichkeit), 1835."
w01209,"Bellona (Nn. u. En. a. d. Kriegerleben), 1837."
w01210,"Der böse Blick oder: Die Queiße in den Iahren 1538, 1638, 1738 und 1838 (Hist. R.); cosus (Repertoire f. d. deutsche Liederspiel), 1. Bdchn., 1838 (Inhalt: Der reisende Student, oder: Das Donnerwetter."
w01211,Der Kapellmeister von Venedig.
w01212,Fröhlich.
w01213,Wohlgemut). 2. A. 1857.
w01214,"Schauspieler-Novellen; des königl. Opernhauses in Berlin, 1845. – Aus meinem Leben; bis 1880."
w01215,"Im Bühnen-Repertoir des Auslandes wurden abgedruckt: Kean, oder: Leidenschaft und Genie (Schsp., 1837)."
w01216,"Die Zwillingsbrüder (P., 1839)."
w01217,"Der Oberst von 18 Iahren (Lsp., 1839)."
w01218,"Sie ist wahnsinnig (Drama, 1839)."
w01219,"Jeder fege vor seiner Tür (Lsp., 1842)."
w01220,"Die schöne Müllerin (Lsp., 1843)."
w01221,"Die Memoiren des Teufels (Lsp., 1843)."
w01222,"Leutnant und Konsul (Lsp., 1843)."
w01223,"Marquis und Dieb (Kom. O., 1843)."
w01224,"Der Heiratsantrag auf Helgoland (Lsp., 1844)."
w01225,"Er requiriert (Lrsp., 1844)."
w01226,"Die Schatzgräber (Ssp., 1845)."
w01227,"Ihr Bild (Lsp., 1846)."
w01228,"Eine Fensterpromenade (Lsp., deutsch, 1849)."
w01229,"In Blochs DilettantenBühne: Kurmärker u. Picarde (Genrebild), 1859. sep. 2. A. 1861. Neue A. 1909."
w01230,"Die Unglücklichen (Lustsp. nach A. von Kotzebue), 1861."
w01231,"m Bühnen-Almanach: Der Schauspieldirektor (Kom. Operette), 1861."
w01232,"Schneeglöckchen (Deutsche Lr. a. d. Ostseeprovinzen; hrsg. von Arnold Tideböhl u. W. Schwartz), 1838."
w01233,"Der Bibliothekar (E.), 1894."
w01234,"Lieder und Gedichte, 1907."
w01235,Zwei Novellen (Heidekraut.
w01236,"Margot Durand), 1909."
w01237,"Aus einer kleinen Stadt (3 En.: Der Bibliothekar [s. o., in völliger Umarbeitung]. "
w01238,Nur ein Hund.
w01239,"Angelika), 1910."
w01240,"Lettische Volkslieder, übertr. im Versmaß des Originals, 1874."
w01241,"Die Rose aus der Vendée (N.), 1900."
w01242,"Heitere Erzählungen, 1891."
w01243,"Stille Wasser (R.), 1891."
w01244,"Der Tonkünstler (L.), 1893."
w01245,"Burschenbuch, 1894."
w01246,"Nachtschatten (Nn.), 1895."
w01247,"Zeitmärchen, 1895."
w01248,"Wir beide! (Ge.), 1895."
w01249,"Moderner Sängerkrieg (Reimschw. f. d. Possenbühne des Schriftstellerlebens), 1896."
w01250,"Rätsel (Nn.), 1896."
w01251,"Sprachheiterkeiten (Plaudereien), 1896."
w01252,"Im Iungfernstift, oder: Der gezähmte Widerspenstige (Lsp.), 1902."
w01253,"Mongkut, oder: Die Stiefgroßschwiegermutter (Versschausp.), 1902."
w01254,"Der Leibarzt, oder: Das vergnügte Krankenhaus (Lsp.), 1902."
w01255,"Naladi, oder: Königswild (Indisches Versdrama), 1902."
w01256,"Irmgard, oder: Weibestreu (Verslsp.), 1902."
w01257,"Skizzen u. Erzählungen, 1888."
w01258,"Lied, Leben und Traum (Ge.), 1907."
w01259,"Paradoxa (V. eines Dekadenten, ein Band Lyrik aus dem 16. bis 20. Lebensjahre), 1911."
w01260,"Aus dem Tagebuche eines Königsmörders (Blätter zum Nachdenken), 1911."
w01261,"NydDer Kronprinz in der Bukowina, 1887."
w01262,"Gut Heil!, 1892."
w01263,"Am Pruth (Patriot. Klänge a. d. Bukowina), 1893."
w01264,"Benedikt (Schsp.), 1883."
w01265,"Mosaik (Mn. u. Novelletten), 1893."
w01266,"Sta Die Schlacht bei Poltawa (Dr. G.), 1859."
w01267,"Der Barde (Dr. Phantasie), 1860."
