Unnamed: 0,Name,Nachname Vorname,Nachname,Vorname,Geburtsdatum
4000,"Heldt, E",Heldt E,Heldt,E,.
4001,"Helena, Dilia",Helena Dilia,Helena,Dilia,.
4002,Helene,Helene ,Helene,,.
4003,"Helene, Marie",Helene Marie,Helene,Marie,.
4004,"Helfenstein, Lothar",Helfenstein Lothar,Helfenstein,Lothar,.
4005,"Helfenstein, Ludwig",Helfenstein Ludwig,Helfenstein,Ludwig,.
4006,"Helix, Hedera",Helix Hedera,Helix,Hedera,.
4007,"Hell, Camillo",Hell Camillo,Hell,Camillo,.
4008,"Hellberg, Adalbert vom",Hellberg Adalbert,Hellberg,Adalbert,.
4009,"Helldorf, Jlse von",Helldorf Jlse,Helldorf,Jlse,23. März 1662
4010,"Helle, Friedrich Wilhelm",Helle Friedrich Wilhelm,Helle,Friedrich Wilhelm,28. Oktober 1834
4011,"Hellen, C. von",Hellen C.,Hellen,C.,.
4012,"Heller, Ernst",Heller Ernst,Heller,Ernst,9. Mai 1856
4013,"Heller, Heinrich Ferdinand",Heller Heinrich Ferdinand,Heller,Heinrich Ferdinand,29. Septbr. 1859
4014,"Heller, Heinrich Justus",Heller Heinrich Justus,Heller,Heinrich Justus,11. Novbr. 1812
4015,"Heller, Ottilie",Heller Ottilie,Heller,Ottilie,7. August 1849
4016,"Heller, Jsidor",Heller Jsidor,Heller,Jsidor,5. Mai1816
4017,"Heller, Leo",Heller Leo,Heller,Leo,18. März1876
4018,"Heller, Leopold",Heller Leopold,Heller,Leopold,10. Juli1853
4019,"Heller, Wilhelm Robert",Heller Wilhelm Robert,Heller,Wilhelm Robert,24.Novbr. 1812
4020,"Heller, Seligmann",Heller Seligmann,Heller,Seligmann,8.Juli 1831
4021,"Heller, Wilhelm",Heller Wilhelm,Heller,Wilhelm,12. Jan.1880
4022,"Hellinden, Martin",Hellinden Martin,Hellinden,Martin,.
4023,"Helling, Karl",Helling Karl,Helling,Karl,18. Dezbr.1877
4024,"Helling, Viktor",Helling Viktor,Helling,Viktor,.
4025,"Hellmann, Arnold",Hellmann Arnold,Hellmann,Arnold,30.Oktbr. 1870
4026,Hellmuth,Hellmuth ,Hellmuth,,.
4027,"Hellmuth, Ernst",Hellmuth Ernst,Hellmuth,Ernst,.
4028,"Hellmuth, Maria",Hellmuth Maria,Hellmuth,Maria,.
4029,"Hellmuth, Martha",Hellmuth Martha,Hellmuth,Martha,.
4030,"Helm, Clementine",Helm Clementine,Helm,Clementine,.
4031,"Helm, Feodor",Helm Feodor,Helm,Feodor,.
4032,"Helm, Friedrich",Helm Friedrich,Helm,Friedrich,.
4033,"Helm, Georg",Helm Georg,Helm,Georg,.
4034,"Helmer, Eduard",Helmer Eduard,Helmer,Eduard,.
4035,"Helmerding, Karl",Helmerding Karl,Helmerding,Karl,20. Dezbr. 1899
4036,"Helmers, Heinrich",Helmers Heinrich,Helmers,Heinrich,1. Dezbr. 1847
4037,"Helveticus, Th",Helveticus Th,Helveticus,Th,.
4038,"Hempel, Arno",Hempel Arno,Hempel,Arno,10. Oktober1843
4039,"Hempel, Max",Hempel Max,Hempel,Max,14. Juni 1863
4040,"Hempel, Thekla",Hempel Thekla,Hempel,Thekla,4. Juli1840
4041,"Hempfing, Karl Friedrich",Hempfing Karl Friedrich,Hempfing,Karl Friedrich,.
4042,"Hemsen, Theodor",Hemsen Theodor,Hemsen,Theodor,3.Juni 1826
4043,"Henckell, Karl Friedrich",Henckell Karl Friedrich,Henckell,Karl Friedrich,17. April 1864
4044,"Hengsbach, Arno",Hengsbach Arno,Hengsbach,Arno, Oktober1897
4045,"Henke, Theodor",Henke Theodor,Henke,Theodor,.
4046,"Henkel, Franz",Henkel Franz,Henkel,Franz,Juli 1894
4047,"Henkel, Friederike",Henkel Friederike,Henkel,Friederike,25.Dezbr. 1826
4048,"Henle, Elise",Henle Elise,Henle,Elise,.
4049,"Henne am Rhyn, Otto",Henne am Rhyn Otto,Henne am Rhyn,Otto,26.August 1828
4050,"Hennig, Albert",Hennig Albert,Hennig,Albert,Dezember 1839
4051,"Hennig, Alfred",Hennig Alfred,Hennig,Alfred,30. Juli1868
4052,"Hennig, Richard",Hennig Richard,Hennig,Richard,12. Jan. 1874
4053,"Henning, Karl",Henning Karl,Henning,Karl,14. Febr.1860
4054,"Henning, Ludwig Friedrich",Henning Ludwig Friedrich,Henning,Ludwig Friedrich,2. Jan. 1812
4055,"Henninger, Aloys",Henninger Aloys,Henninger,Aloys,30. Juni 1862
4056,"Henningsen, Hans Jürgen",Henningsen Hans Jürgen,Henningsen,Hans Jürgen,.
4057,"Hennrich, Johann",Hennrich Johann,Hennrich,Johann,.
4058,"Henop, Philipp",Henop Philipp,Henop,Philipp,16. Mai1822
4059,"Henoumont, Edmund",Henoumont Edmund,Henoumont,Edmund,.
4060,"Henri, Clemens",Henri Clemens,Henri,Clemens,.
4061,"Henrich, Albertine",Henrich Albertine,Henrich,Albertine,.
4062,"Henrich, Hedwig",Henrich Hedwig,Henrich,Hedwig,.
4063,"Henrici, Karl Ernst Julius",Henrici Karl Ernst Julius,Henrici,Karl Ernst Julius,10. Dezember 1854
4064,Henricus vom See,Henricus vom See ,Henricus vom See,,.
4065,"Henrion, Poly",Henrion Poly,Henrion,Poly,.
4066,"Henschel, Anna",Henschel Anna,Henschel,Anna,26. Jan. 1844
4067,"Henschke, Otto",Henschke Otto,Henschke,Otto,24. April1852
4068,"Henschke, Ulrike",Henschke Ulrike,Henschke,Ulrike,24. Novbr. 1830
4069,"Hensel, Wilhelmine",Hensel Wilhelmine,Hensel,Wilhelmine, Septbr. 1802
4070,"Henze, Wilhelm",Henze Wilhelm,Henze,Wilhelm,.
4071,"Henzen, Karl Georg Wilhelm",Henzen Karl Georg Wilhelm,Henzen,Karl Georg Wilhelm,30. Nov. 1850
4072,"Hepding, Johann Konrad",Hepding Johann Konrad,Hepding,Johann Konrad,1. Septbr. 1820
4073,"Hepp, Karl",Hepp Karl,Hepp,Karl,.
4074,"Herault (von Hautcharmoy), Ange von",Herault (von Hautcharmoy) Ange von,Herault (von Hautcharmoy),Ange von,30. Juli 1872
4075,"Herbart, August",Herbart August,Herbart,August,.
4076,"Herbeck, Joseph",Herbeck Joseph,Herbeck,Joseph,20.Novbr. 1854
4077,"Herberich, Joseph",Herberich Joseph,Herberich,Joseph,17.Novbr. 1875
4078,"Herbers, Gottfried",Herbers Gottfried,Herbers,Gottfried,25.Febr. 1863
4079,"Herbert, Johanna",Herbert Johanna,Herbert,Johanna,12.März 1891
4080,"Herbert, Lucian",Herbert Lucian,Herbert,Lucian,.
4081,"Herbert, M",Herbert M,Herbert,M,.
4082,"Herbert, M. G",Herbert M. G,Herbert,M. G,.
4083,"Herbst, Paula",Herbst Paula,Herbst,Paula,5. April 1818
4084,"Herchenbach, Wilhelm",Herchenbach Wilhelm,Herchenbach,Wilhelm,13. Novbr. 1818
4085,"Hercher, Wolfgang",Hercher Wolfgang,Hercher,Wolfgang,.
4086,"Herder, Natalie von",Herder Natalie,Herder,Natalie,30. Mai1802
4087,"Herdlicka, Theodor",Herdlicka Theodor,Herdlicka,Theodor,3. Juli 1904
4088,"Herff-Schacht, Rosa von",Herff-Schacht Rosa,Herff-Schacht,Rosa,6. Septbr. 1830
4089,"Herfurth, Bruno",Herfurth Bruno,Herfurth,Bruno,25.Juni 1884
4090,Herimann aus der Zelle,Herimann aus der Zelle ,Herimann aus der Zelle,,.
4091,"Hering, Alma Rosalie",Hering Alma Rosalie,Hering,Alma Rosalie,10. April 1825
4092,"Hering, Ewald",Hering Ewald,Hering,Ewald,15. Juli 1802
4093,"Hering, Margarete Friederike",Hering Margarete Friederike,Hering,Margarete Friederike,18. Septbr. 1874
4094,"Hering, Karl Friedrich August",Hering Karl Friedrich August,Hering,Karl Friedrich August,2. Febr. 1889
4095,"Herloßsohn, Georg Karl Reginald",Herloßsohn Georg Karl Reginald,Herloßsohn,Georg Karl Reginald,1. Septbr. 1804
4096,"Herm, Friedrich",Herm Friedrich,Herm,Friedrich,.
4097,Hermann,Hermann ,Hermann,,.
4098,"Hermann, A",Hermann A,Hermann,A,.
4099,"Hermann, Anton",Hermann Anton,Hermann,Anton,.
4100,"Hermann, August",Hermann August,Hermann,August,14.September 1835
4101,"Hermann, Ernst",Hermann Ernst,Hermann,Ernst,12. Novbr. 1837
4102,"Hermann, Eugen",Hermann Eugen,Hermann,Eugen,.
4103,"Hermann, Friedrich",Hermann Friedrich,Hermann,Friedrich,.
4104,"Hermann, Friedrich Benjamin",Hermann Friedrich Benjamin,Hermann,Friedrich Benjamin,.
4105,"Hermann, Georg",Hermann Georg,Hermann,Georg,.
4106,"Hermann, Hans",Hermann Hans,Hermann,Hans,.
4107,"Hermann, Hans",Hermann Hans,Hermann,Hans,.
4108,"Hermann, Johann Karl Friedrich",Hermann Johann Karl Friedrich,Hermann,Johann Karl Friedrich,12. Oktbr. 1810
4109,"Hermann, Konrad",Hermann Konrad,Hermann,Konrad,30.Mai 1819
4110,"Hermann, Moritz",Hermann Moritz,Hermann,Moritz,.
4111,"Hermann, Rudolf",Hermann Rudolf,Hermann,Rudolf,.
4112,"Hermann, S",Hermann S,Hermann,S,.
4113,"Hermann, Theodor",Hermann Theodor,Hermann,Theodor,.
4114,"Hermann, Theodor",Hermann Theodor,Hermann,Theodor,14.Febr. 1862
4115,"Hermann, Wilhelm",Hermann Wilhelm,Hermann,Wilhelm,28.Juni 1871
4116,"Hermanns, Wilhelm",Hermanns Wilhelm,Hermanns,Wilhelm,25. August 1885
4117,"Hermes, Anna",Hermes Anna,Hermes,Anna,.
4118,"Hermes, Joseph",Hermes Joseph,Hermes,Joseph,.
4119,"Hermstein, Eugenie Emilie Camilla Gertrud",Hermstein Eugenie Emilie Camilla Gertrud,Hermstein,Eugenie Emilie Camilla Gertrud,Januar 1882
4120,"Herndl, Franz",Herndl Franz,Herndl,Franz,6. Juni1866
4121,"Herold, Franz",Herold Franz,Herold,Franz,15. Februar1854
4122,"Herold, Hedwig",Herold Hedwig,Herold,Hedwig,14. Mai1877
4123,"Herold, Heinrich",Herold Heinrich,Herold,Heinrich,.
4124,"Herold, Joseph",Herold Joseph,Herold,Joseph,15.August 1829
4125,"Herold, Karl Erdmann",Herold Karl Erdmann,Herold,Karl Erdmann,14. Januar 1856
4126,"Herold, Theodor",Herold Theodor,Herold,Theodor,30.Dezbr. 1871
4127,"Herrig, Hans",Herrig Hans,Herrig,Hans,4. Mai 1892
4128,"Herrigau, Wilibert von",Herrigau Wilibert,Herrigau,Wilibert,.
4129,"Herrigel, Johann Gottlob",Herrigel Johann Gottlob,Herrigel,Johann Gottlob,29. Novbr. 1850
4130,"Herrlinger-Ludwig, Lina",Herrlinger-Ludwig Lina,Herrlinger-Ludwig,Lina,16. April 1849
4131,"Herrmann, Adalbert",Herrmann Adalbert,Herrmann,Adalbert,27. April1802
4132,"Herrmann, Anton",Herrmann Anton,Herrmann,Anton,.
4133,"Herrmann, Bernhard Anton",Herrmann Bernhard Anton,Herrmann,Bernhard Anton,18. Oktbr. 1806
4134,"Herrmann, Christine",Herrmann Christine,Herrmann,Christine,8. Februar 1888
4135,"Herrmann, Georg",Herrmann Georg,Herrmann,Georg,.
4136,"Herrmann, Gustav",Herrmann Gustav,Herrmann,Gustav,.
4137,"Herrmann, Gustav Konrad Edmund",Herrmann Gustav Konrad Edmund,Herrmann,Gustav Konrad Edmund,3. April 1871
4138,"Herrmann, Julius",Herrmann Julius,Herrmann,Julius,.
4139,"Herrmann, Konrad",Herrmann Konrad,Herrmann,Konrad,18. Juli 1817
4140,"Herrmann, Louis",Herrmann Louis,Herrmann,Louis,3.Novbr. 1836
4141,"Herrmann, Otto",Herrmann Otto,Herrmann,Otto,.
4142,"Herrmann, Paul",Herrmann Paul,Herrmann,Paul, Januar1891
4143,"Herrmann, Reinhold",Herrmann Reinhold,Herrmann,Reinhold,31. März 1862
4144,"Herrmann, Theodor Alwin",Herrmann Theodor Alwin,Herrmann,Theodor Alwin,6. Mai 1848
4145,"Herrmann, Therese",Herrmann Therese,Herrmann,Therese,.Dezbr. 1880
4146,"Hersch, Hermann",Hersch Hermann,Hersch,Hermann,27. Juli 1870
4147,"Herse, Albert",Herse Albert,Herse,Albert,31. Mai1846
4148,"Hertel, Betty",Hertel Betty,Hertel,Betty,.
4149,"Hertel, Eugen",Hertel Eugen,Hertel,Eugen,20. März1853
4150,"Herten, Waldemar",Herten Waldemar,Herten,Waldemar,.
4151,"Herter, Ferdinand",Herter Ferdinand,Herter,Ferdinand,23.Septbr. 1840
4152,"Herting, Marie",Herting Marie,Herting,Marie,6. Dezbr. 1910
4153,"Hertwig, Paul",Hertwig Paul,Hertwig,Paul,28. Febr.1862
4154,"Hertwig, Wilhelm Robert",Hertwig Wilhelm Robert,Hertwig,Wilhelm Robert,11. Jan. 1846
4155,"Hertz, Alice",Hertz Alice,Hertz,Alice,30. Juni 1878
4156,"Hertz, Wilhelm",Hertz Wilhelm,Hertz,Wilhelm, August 1858
4157,"Hertzka, Friederike",Hertzka Friederike,Hertzka,Friederike,.
4158,"Hertzka, Oskar",Hertzka Oskar,Hertzka,Oskar,27. Septbr. 1858
4159,"Hertzka, Theodor",Hertzka Theodor,Hertzka,Theodor,13. Juli1845
4160,"Hertzsch, Robert Hugo",Hertzsch Robert Hugo,Hertzsch,Robert Hugo,10. Novbr. 1852
4161,"Herwegh, Georg Friedrich Rudolf Theodor Andreas",Herwegh Georg Friedrich Rudolf Theodor Andreas,Herwegh,Georg Friedrich Rudolf Theodor Andreas,31.Mai 1817
4162,"Herwi, B",Herwi B,Herwi,B,.
4163,"Herz, Henriette",Herz Henriette,Herz,Henriette,.
4164,"Herz, Manfred",Herz Manfred,Herz,Manfred,.
4165,"Herz, Roderich",Herz Roderich,Herz,Roderich,.
4166,"Herzberg-Fränkel, Leo",Herzberg-Fränkel Leo,Herzberg-Fränkel,Leo,19. Septbr. 1827
4167,"Herzberg, Wilhelm",Herzberg Wilhelm,Herzberg,Wilhelm,30.Jan. 1827
4168,"Herzberger, F. W",Herzberger F. W,Herzberger,F. W,.
4169,"Herzenskron, Viktor",Herzenskron Viktor,Herzenskron,Viktor,23. März 1820
4170,"Herzer, Jakob",Herzer Jakob,Herzer,Jakob,11. April1853
4171,"Herzfeld, Franz",Herzfeld Franz,Herzfeld,Franz,10. Septbr. 1876
4172,"Herzfelder, J",Herzfelder J,Herzfelder,J,31. Mai1836
4173,"Herzfried, Oskar",Herzfried Oskar,Herzfried,Oskar,.
4174,"Herzl, Sigmund",Herzl Sigmund,Herzl,Sigmund,Oktbr. 1845
4175,"Herzl, Theodor",Herzl Theodor,Herzl,Theodor,2. Mai1860
4176,"Herzog, Adelaide",Herzog Adelaide,Herzog,Adelaide,30. Dezbr. 1887
4177,"Herzog, Albert",Herzog Albert,Herzog,Albert,26. März1867
4178,"Herzog, Jakob",Herzog Jakob,Herzog,Jakob,17.Juni 1842
4179,"Herzog, L",Herzog L,Herzog,L,.
4180,"Herzog, Rudolf",Herzog Rudolf,Herzog,Rudolf,6. Dezember 1869
4181,"Herzog, Xaver",Herzog Xaver,Herzog,Xaver,25. Januar1810
4182,"Hesdin, Heinz",Hesdin Heinz,Hesdin,Heinz,.
4183,"Hesekiel, George Ludwig",Hesekiel George Ludwig,Hesekiel,George Ludwig,12.August 1819
4184,"Hesekiel, Ludovika Karoline",Hesekiel Ludovika Karoline,Hesekiel,Ludovika Karoline,3. Juli 1847
4185,Heski,Heski ,Heski,,.
4186,"Heß, Bernhard",Heß Bernhard,Heß,Bernhard,.
4187,"Heß, Eduard",Heß Eduard,Heß,Eduard,30. Oktbr.1868
4188,"Heß, Georg",Heß Georg,Heß,Georg,.
4189,"Heß, Heinrich",Heß Heinrich,Heß,Heinrich,11. Juni 1837
4190,"Heß, Matthias",Heß Matthias,Heß,Matthias,.
4191,"Heß von Wichdorff, Ernst Wolfgang",Heß von Wichdorff Ernst Wolfgang,Heß von Wichdorff,Ernst Wolfgang,30. Mai 1860
4192,"Hesse, Alice",Hesse Alice,Hesse,Alice,27. Febr.1906
4193,"Hesse, August Wilhelm",Hesse August Wilhelm,Hesse,August Wilhelm,3. Novbr. 1805
4194,"Hesse, Hermann",Hesse Hermann,Hesse,Hermann,.
4195,"Hesse(-Risch), Marie Luise",Hesse(-Risch) Marie Luise,Hesse(-Risch),Marie Luise,.
4196,"Hessel, Franz",Hessel Franz,Hessel,Franz,21. Novbr.1880
4197,"Hessel, Karl",Hessel Karl,Hessel,Karl,25. August1844
4198,"Hessemer, Friedrich Maximilian",Hessemer Friedrich Maximilian,Hessemer,Friedrich Maximilian,24. Febr. 1800
4199,"Heßlein, Bernhard",Heßlein Bernhard,Heßlein,Bernhard,30. Mai1818
4200,"Heßler, Friedrich Alexander",Heßler Friedrich Alexander,Heßler,Friedrich Alexander,16. Juli 1833
4201,"Heßling, Max August Quirinus",Heßling Max August Quirinus,Heßling,Max August Quirinus,9. Oktober 1820
4202,"Hetz, Hans Erich Freiherr von",Hetz Hans Erich,Hetz,Hans Erich,.
4203,"Hetzel-Hetzel, Elise",Hetzel-Hetzel Elise,Hetzel-Hetzel,Elise,15. Dezember 1835
4204,"Heubner, Gustav",Heubner Gustav,Heubner,Gustav, März 1851
4205,"Heubner, Hermann",Heubner Hermann,Heubner,Hermann,18. Dezember 1879
4206,"Heubner, Otto Leonhard",Heubner Otto Leonhard,Heubner,Otto Leonhard,17. Januar 1812
4207,"Heubner, Rudolf Leonhard",Heubner Rudolf Leonhard,Heubner,Rudolf Leonhard,12. Dezbr. 1867
4208,"Heugel, Karl von",Heugel Karl,Heugel,Karl,5. Juli1869
4209,"Heumann, Karl",Heumann Karl,Heumann,Karl,5. August 1894
4210,"Heumann, Sarah",Heumann Sarah,Heumann,Sarah,27.März 1860
4211,"Heusenstamm zu Heißenstein und Gräfenhausen, Theodor Graf von",Heusenstamm zu Heißenstein und Gräfenhausen Theodor,Heusenstamm zu Heißenstein und Gräfenhausen,Theodor, März 1801
4212,"Heuser, Olga",Heuser Olga,Heuser,Olga,.
4213,"Hevesi, Ludwig",Hevesi Ludwig,Hevesi,Ludwig,20. Dezbr. 1843
4214,"Hey, Gertrud",Hey Gertrud,Hey,Gertrud,.
4215,"Hey, Wilhelm",Hey Wilhelm,Hey,Wilhelm,15. April1848
4216,"Heydemann, E",Heydemann E,Heydemann,E,.
4217,"Heyden, August von",Heyden August von,Heyden,August von,13. Juni 1827
4218,"Heydrich, Gustav Moritz",Heydrich Gustav Moritz,Heydrich,Gustav Moritz,13. März 1820
4219,"Heydt, Karl von der",Heydt Karl von der,Heydt,Karl von der,.
4220,"Heydtmann, Johannes",Heydtmann Johannes,Heydtmann,Johannes,7. Dezember 1856
4221,"Heyer, Franz",Heyer Franz,Heyer,Franz, August 1867
4222,"Heyking, Elisabeth Freifrau von",Heyking Elisabeth,Heyking,Elisabeth,10. Dezbr. 1861
4223,"Hey’l, Ferdinand",Hey’l Ferdinand,Hey’l,Ferdinand,1. März 1895
4224,"Heyl, Johann Adolf",Heyl Johann Adolf,Heyl,Johann Adolf,11. Februar 1849
4225,"Heymann, Johann Richard",Heymann Johann Richard,Heymann,Johann Richard,13. Febr. 1850
4226,"Heymann, auch HeymannDvorák, Robert",Heymann Robert,Heymann,Robert,.
4227,"Heymann, Walther",Heymann Walther,Heymann,Walther,19. Mai 1882
4228,"Heymel, Alfred Walter von",Heymel Alfred Walter,Heymel,Alfred Walter,6. März 1878
4229,"Heymer, Ludmilla",Heymer Ludmilla,Heymer,Ludmilla, Febr. 1875
4230,"Heyse, Paul Johann Ludwig",Heyse Paul Johann Ludwig,Heyse,Paul Johann Ludwig,15. März 1830
4231,"Heyse, Wilhelm",Heyse Wilhelm,Heyse,Wilhelm,19.November 1825
4232,Heyßler Max,Heyßler Max ,Heyßler Max,, November 1888
4233,"Hibeau, Adriana",Hibeau Adriana,Hibeau,Adriana, Juni1898
4234,"Hibeau, (ursprüngl. Hibo), Karl Wilhelm Ludwig",Hibeau Karl Wilhelm Ludwig,Hibeau,Karl Wilhelm Ludwig,5. Februar 1876
4235,"Hick, Johann Georg Christoph Konrad",Hick Johann Georg Christoph Konrad,Hick,Johann Georg Christoph Konrad,14. Juli 1829
4236,"Hickel, J. Karl",Hickel J. Karl,Hickel,J. Karl,11. Septbr.1811
4237,"Hielscher(-Panten), Elsa",Hielscher Elsa,Hielscher,Elsa,.
4238,"Hierl, Johann Georg",Hierl Johann Georg,Hierl,Johann Georg,6. August 1873
4239,"Hieronymus, Karl Ernst Wilhelm",Hieronymus Karl Ernst Wilhelm,Hieronymus,Karl Ernst Wilhelm,19. Septbr. 1856
4240,"Hilarius, Ferdinand",Hilarius Ferdinand,Hilarius,Ferdinand,.
4241,"Hilarius, Frater",Hilarius Frater,Hilarius,Frater,.
4242,"Hilarius, Frater",Hilarius Frater,Hilarius,Frater,.
4243,"Hildebrand, Eduard",Hildebrand Eduard,Hildebrand,Eduard,.
4244,"Hildebrand, Emil",Hildebrand Emil,Hildebrand,Emil,.
4245,"Hildebrand(-von Renauld), Liana oder Maximiliana",Hildebrand Liana,Hildebrand,Liana,1.Januar 1894
4246,"Hildebrandt, Karl Gotthold",Hildebrandt Karl Gotthold,Hildebrandt,Karl Gotthold,. Novbr. 1852
4247,"Hildebrandt, Hans",Hildebrandt Hans,Hildebrandt,Hans,.
4248,"Hildebrandt, Paul",Hildebrandt Paul,Hildebrandt,Paul,15.Dezbr. 1862
4249,"Hildebrandt, Alfred Walter",Hildebrandt Alfred Walter,Hildebrandt,Alfred Walter,29. Januar 1862
4250,"Hildebrandt-Strehlen, Karl Theodor Heinrich",Hildebrandt-Strehlen Karl Theodor Heinrich,Hildebrandt-Strehlen,Karl Theodor Heinrich,18.Juni 1815
4251,"Hildeck, Leo",Hildeck Leo,Hildeck,Leo,.
4252,"Hildenbrand, Theodor",Hildenbrand Theodor,Hildenbrand,Theodor,21. April 1852
4253,"Hilder, Gustav Oskar",Hilder Gustav Oskar,Hilder,Gustav Oskar,1. April 1836
4254,"Hilger, Joseph",Hilger Joseph,Hilger,Joseph,23. März 1857
4255,"Hilgert, Anton",Hilgert Anton,Hilgert,Anton,.
4256,"Hill, Anna",Hill Anna,Hill,Anna,21. Nov. 1860
4257,"Hill, Karl Heinz",Hill Karl Heinz,Hill,Karl Heinz,1. April 1907
4258,"Hill, Rudolf Alexander",Hill Rudolf Alexander,Hill,Rudolf Alexander,28. Juni 1825
4259,"Hille, Peter",Hille Peter,Hille,Peter,3. Mai 1904
4260,"Hille, Wilhelm",Hille Wilhelm,Hille,Wilhelm,19. Juli1871
4261,"Hillebrand, Julius",Hillebrand Julius,Hillebrand,Julius,6. Oktober 1895
4262,"Hiller, Eduard",Hiller Eduard,Hiller,Eduard,18. November 1902
4263,"Hiller, Olga",Hiller Olga,Hiller,Olga,.
4264,"Hillermann, Johann Wilhelm",Hillermann Johann Wilhelm,Hillermann,Johann Wilhelm,17. Oktober 1841
4265,"Hillern, Hermine v",Hillern Hermine,Hillern,Hermine,.
4266,"Hillern, Wilhelmine von",Hillern Wilhelmine,Hillern,Wilhelmine,11. März 1836
4267,"Hillisch, Joseph Hermann",Hillisch Joseph Hermann,Hillisch,Joseph Hermann,24. April 1897
4268,"Hillmann, Franz",Hillmann Franz,Hillmann,Franz,.
4269,"Hillmann, Robert",Hillmann Robert,Hillmann,Robert,23.Septbr. 1870
4270,"Hilm, Karl",Hilm Karl,Hilm,Karl,.
4271,"Hilmar, J",Hilmar J,Hilmar,J,.
4272,"Hilscher, Joseph Emanuel",Hilscher Joseph Emanuel,Hilscher,Joseph Emanuel,22. Januar 1806
4273,"Hilsenberg, Ludwig",Hilsenberg Ludwig,Hilsenberg,Ludwig,31. Mai 1843
4274,"Hiltl, Johann George",Hiltl Johann George,Hiltl,Johann George,16. Juli 1826
4275,"Hilz, Wolfgang",Hilz Wolfgang,Hilz,Wolfgang, Juni 1869
4276,"Himmelbauer, Franz",Himmelbauer Franz,Himmelbauer,Franz,30.Juni 1871
4277,"Himmelstein, Wilhelm August",Himmelstein Wilhelm August,Himmelstein,Wilhelm August,13. April 1868
4278,"Hinckeldeyn, Anna",Hinckeldeyn Anna,Hinckeldeyn,Anna,16.März 1862
4279,"Hindermann, Adele",Hindermann Adele,Hindermann,Adele,.
4280,"Hindersin, Friedrich Wilhelm",Hindersin Friedrich Wilhelm,Hindersin,Friedrich Wilhelm,29. Oktober 1858
4281,"Hindes, J",Hindes J,Hindes,J,.
4282,"Hingenau, Otto Bernhard Gottlieb Freiherr von",Hingenau Otto Bernhard Gottlieb,Hingenau,Otto Bernhard Gottlieb, August 1843
4283,"Hinnerk, Otto",Hinnerk Otto,Hinnerk,Otto,.
4284,"Hinnius, Anna",Hinnius Anna,Hinnius,Anna, Dezbr.1904
4285,"Hinrichs, August",Hinrichs August,Hinrichs,August,18.April 1879
4286,"Hinrichs, Georg Wilhelm Theodor",Hinrichs Georg Wilhelm Theodor,Hinrichs,Georg Wilhelm Theodor,7. März 1847
4287,"Hinrichsen, Adolf",Hinrichsen Adolf,Hinrichsen,Adolf,15.Januar 1859
4288,"Hinrichsen, Otto",Hinrichsen Otto,Hinrichsen,Otto, Novbr. 1906
4289,"Hinsmann, Friedrich",Hinsmann Friedrich,Hinsmann,Friedrich,7. Jan. 1876
4290,"Hinterding, Ludwig",Hinterding Ludwig,Hinterding,Ludwig,8.Oktbr. 1838
4291,"Hinüber, August",Hinüber August,Hinüber,August,17. Juli1852
4292,"Hinze, Johann Friedrich Heimbertsohn",Hinze Johann Friedrich Heimbertsohn,Hinze,Johann Friedrich Heimbertsohn,7. Novbr. 1804
4293,"Hippel, Hildegard von",Hippel Hildegard,Hippel,Hildegard,.
4294,"Hirsch, Anton",Hirsch Anton,Hirsch,Anton,22. März1868
4295,"Hirsch, Franz Arnold",Hirsch Franz Arnold,Hirsch,Franz Arnold, Juni 1815
4296,"Hirsch, Franz Wilhelm",Hirsch Franz Wilhelm,Hirsch,Franz Wilhelm,2.Mai 1844
4297,"Hirsch, Gustav",Hirsch Gustav,Hirsch,Gustav,20. Septbr. 1901
4298,"Hirsch, Helene",Hirsch Helene,Hirsch,Helene,27. Novbr.1863
4299,"Hirsch, Jenny",Hirsch Jenny,Hirsch,Jenny, April 1864
4300,"Hirsch, Jsaak",Hirsch Jsaak,Hirsch,Jsaak,14. April1836
4301,"Hirsch, Marie",Hirsch Marie,Hirsch,Marie,12. März 1848
4302,"Hirsch, Mendel",Hirsch Mendel,Hirsch,Mendel,3. März1833
4303,"Hirsch, Rudolf",Hirsch Rudolf,Hirsch,Rudolf, Juni 1852
4304,"Hirschberg, Klara",Hirschberg Klara,Hirschberg,Klara,.
4305,"Hirschberg, Herbert",Hirschberg Herbert,Hirschberg,Herbert,19.Januar 1881
4306,"Hirschberg, Karl Rudolf",Hirschberg Karl Rudolf,Hirschberg,Karl Rudolf,.Dezbr. 1867
4307,"Hirschel, Hermann",Hirschel Hermann,Hirschel,Hermann,20.März 1848
4308,"Hirschfeld, Franz",Hirschfeld Franz,Hirschfeld,Franz,15.Mai 1868
4309,"Hirschfeld, Georg",Hirschfeld Georg,Hirschfeld,Georg,.
4310,"Hirschfeld, Hermann",Hirschfeld Hermann,Hirschfeld,Hermann,27.Novbr. 1842
4311,"Hirschfeld, Leo",Hirschfeld Leo,Hirschfeld,Leo,.
4312,"Hirschfeld, Ludwig",Hirschfeld Ludwig,Hirschfeld,Ludwig,21.Mai 1882
4313,"Hirschfeld, Max",Hirschfeld Max,Hirschfeld,Max,13. Aug.1860
4314,"Hirschler, Anna",Hirschler Anna,Hirschler,Anna,9. Oktober 1889
4315,"Hirschmann, Julie",Hirschmann Julie,Hirschmann,Julie,.
4316,"Hirsekorn, Karl Wilhelm Rudolf",Hirsekorn Karl Wilhelm Rudolf,Hirsekorn,Karl Wilhelm Rudolf,23. Novbr. 1876
4317,"Hirtz, Georg Daniel",Hirtz Georg Daniel,Hirtz,Georg Daniel,2. Febr. 1804
4318,"Hirtz, Georg Daniel",Hirtz Georg Daniel,Hirtz,Georg Daniel,31. Mai 1830
4319,"Hirundo, C",Hirundo C,Hirundo,C,.
4320,"Hittcher, Karl",Hittcher Karl,Hittcher,Karl,.
4321,"Hitz, Luise",Hitz Luise,Hitz,Luise,13. Jan. 1835
4322,"Hjörring, Knut",Hjörring Knut,Hjörring,Knut,.
4323,"Hlatky, Eduard",Hlatky Eduard,Hlatky,Eduard,21. Febr.1834
4324,"Hlawacek, Eduard",Hlawacek Eduard,Hlawacek,Eduard,25. September 1808
4325,"Höarmeckan, F",Höarmeckan F,Höarmeckan,F,.
4326,"Hobe, Marie von",Hobe Marie von,Hobe,Marie von,.
4327,"Hobein, Eduard",Hobein Eduard,Hobein,Eduard,24. März 1817
4328,"Hobrecht, Arthur Heinr. Ludolf Johnson",Hobrecht Arthur Heinr. Ludolf Johnson,Hobrecht,Arthur Heinr. Ludolf Johnson,14. August 1824
4329,"Hobrecht, Max",Hobrecht Max,Hobrecht,Max,13. Dezbr. 1827
4330,"Hoch, Christa",Hoch Christa,Hoch,Christa,.
4331,"Hoch, Marie Konstanze",Hoch Marie Konstanze,Hoch,Marie Konstanze,.
4332,"Hochdorf, Max",Hochdorf Max,Hochdorf,Max,19. März1880
4333,"Hochegger, Franz",Hochegger Franz,Hochegger,Franz,27. Septbr.1875
4334,"Hochfeld, Hans",Hochfeld Hans,Hochfeld,Hans,.
4335,"Hochfeldt, Hans",Hochfeldt Hans,Hochfeldt,Hans,.
4336,"Hochmuth, Franz Joseph Ferdinand",Hochmuth Franz Joseph Ferdinand,Hochmuth,Franz Joseph Ferdinand,18. Februar 1845
4337,"Hochstädt, Max",Hochstädt Max,Hochstädt,Max,.
4338,"Hochstetter, Gustav",Hochstetter Gustav,Hochstetter,Gustav,12.Mai 1873
4339,"Hoechstetter, Sophie",Hoechstetter Sophie,Hoechstetter,Sophie,15. August 1873
4340,"Hochweber, Elise",Hochweber Elise,Hochweber,Elise,12.Jan. 1818
4341,"Hock, Karl Ferdinand Freiherr von",Hock Karl Ferdinand,Hock,Karl Ferdinand,18. März 1808
4342,"Hocker, Nikolaus",Hocker Nikolaus,Hocker,Nikolaus,22.März 1822
4343,"Hocker, Anton Heinrich Wilhelm Andreas",Hocker Anton Heinrich Wilhelm Andreas,Hocker,Anton Heinrich Wilhelm Andreas,28. Dezember 1812
4344,"Höcker, Georg",Höcker Georg,Höcker,Georg,14. Dezbr.1860
4345,"Höcker, Gustav",Höcker Gustav,Höcker,Gustav,28.Septbr. 1832
4346,"Höcker, Karl Rudolf Oskar",Höcker Karl Rudolf Oskar,Höcker,Karl Rudolf Oskar,13. Juni 1840
4347,"Höcker, Paul Oskar",Höcker Paul Oskar,Höcker,Paul Oskar,7. Dezbr. 1865
4348,"Hodann, Valerie",Hodann Valerie,Hodann,Valerie,16.Mai 1866
4349,"Hodel, Robert Julian",Hodel Robert Julian,Hodel,Robert Julian,4. Mai 1881
4350,"Hodermann, Richard",Hodermann Richard,Hodermann,Richard,8. Novbr. 1868
4351,"Hodler, Emma",Hodler Emma,Hodler,Emma,2. Febr. 1892
4352,"Hof, Nanny vom",Hof Nanny,Hof,Nanny,19.Februar 1824
4353,"Hofele, Engelbert",Hofele Engelbert,Hofele,Engelbert,15.Jan. 1836
4354,"Hofer, August",Hofer August,Hofer,August,7. Mai 1845
4355,"Hofer, Fridolin",Hofer Fridolin,Hofer,Fridolin,.
4356,"Hofer, Hans",Hofer Hans,Hofer,Hans,18. August1810
4357,"Hofer-Sternischa, Franz",Hofer-Sternischa Franz,Hofer-Sternischa,Franz,8. Juli 1876
4358,"Hoefer, Edmund",Hoefer Edmund,Hoefer,Edmund,15.Oktbr. 1819
4359,"Höfer, Jrma von",Höfer Jrma,Höfer,Jrma,.
4360,"Höfer, Paul",Höfer Paul,Höfer,Paul,11. März 1845
4361,"Hoff, Karl",Hoff Karl,Hoff,Karl,8. Septbr. 1838
4362,"Hoff, Sophie",Hoff Sophie,Hoff,Sophie,.
4363,"Hoff, Wilhelm",Hoff Wilhelm,Hoff,Wilhelm,.
4364,"Hoffensthal, Hans von",Hoffensthal Hans,Hoffensthal,Hans,16.August 1877
4365,"Höffer, Paul",Höffer Paul,Höffer,Paul,.
4366,"Höffer, W",Höffer W,Höffer,W,.
4367,"Hofferichter, Theodor Alexander Konstantin",Hofferichter Theodor Alexander Konstantin,Hofferichter,Theodor Alexander Konstantin,11. März 1815
4368,"Hofsinger, Josepha Edle v",Hofsinger Josepha Edle v,Hofsinger,Josepha Edle v,8. Novbr. 1820
4369,"Hoffmann, Adalbert",Hoffmann Adalbert,Hoffmann,Adalbert,19.März 1859
4370,"Hoffmann, Agnes",Hoffmann Agnes,Hoffmann,Agnes,5.März 1860
4371,"Hoffmann, Bertha Wilhelmine",Hoffmann Bertha Wilhelmine,Hoffmann,Bertha Wilhelmine,5. Februar 1816
4372,"Hoffmann, Camill",Hoffmann Camill,Hoffmann,Camill,31.Oktbr. 1878
4373,"Hoffmann, Christoph",Hoffmann Christoph,Hoffmann,Christoph,2. Dezbr. 1815
4374,"Hoffmann, K. Emil",Hoffmann K. Emil,Hoffmann,K. Emil,27. Febr. 1874
4375,"Hoffmann, Erich Richard",Hoffmann Erich Richard,Hoffmann,Erich Richard,12. Oktbr. 1878
4376,"Hoffmann, Franz L",Hoffmann Franz L,Hoffmann,Franz L,27. Juni 1851
4377,"Hoffmann, Fridolin",Hoffmann Fridolin,Hoffmann,Fridolin, Juli 1880
4378,"Hoffmann, Karl Georg",Hoffmann Karl Georg,Hoffmann,Karl Georg,21. Juli 1883
4379,"Hoffmann, Gottfried Hermann Ludwig",Hoffmann Gottfried Hermann Ludwig,Hoffmann,Gottfried Hermann Ludwig,3. Juli 1865
4380,"Hoffmann, Gotthelf",Hoffmann Gotthelf,Hoffmann,Gotthelf,11. Novbr. 1844
4381,"Hoffmann, Hans",Hoffmann Hans,Hoffmann,Hans,27. Juli1848
4382,"Hoffmann, Hermann",Hoffmann Hermann,Hoffmann,Hermann,.
4383,"Hoffmann, J",Hoffmann J,Hoffmann,J,.
4384,"Hoffmann, Jakob Daniel",Hoffmann Jakob Daniel,Hoffmann,Jakob Daniel,29. Januar 1885
4385,"Hoffmann, Jmmanuel",Hoffmann Jmmanuel,Hoffmann,Jmmanuel,25. Mai 1850
4386,"Hoffmann, Ludwig",Hoffmann Ludwig,Hoffmann,Ludwig,25.März 1856
4387,"Hoffmann, Karl Heinrich August",Hoffmann Karl Heinrich August,Hoffmann,Karl Heinrich August,2. Juni 1802
4388,"Hoffmann, Karl Otto",Hoffmann Karl Otto,Hoffmann,Karl Otto,15. Februar 1860
4389,"Hoffmann, Marie",Hoffmann Marie,Hoffmann,Marie,15.März 1843
4390,"Hoffmann, Max",Hoffmann Max,Hoffmann,Max,27.Novbr. 1858
4391,"Hoffmann, Minna",Hoffmann Minna,Hoffmann,Minna,3. Nov.1840
4392,"Hoffmann, Oskar",Hoffmann Oskar,Hoffmann,Oskar,29. Oktober 1868
4393,"Hoffmann, R",Hoffmann R,Hoffmann,R,.
4394,"Hoffmann, Theodor",Hoffmann Theodor,Hoffmann,Theodor,16. Februar 1851
4395,"Hoffmann, Valesca",Hoffmann Valesca,Hoffmann,Valesca,21.September 1857
4396,"Hoffmann, Johann Friedr. Wilhelm",Hoffmann Johann Friedr. Wilhelm,Hoffmann,Johann Friedr. Wilhelm,28. Juni 1863
4397,"Hoffmann, Wilhelm Rudolf",Hoffmann Wilhelm Rudolf,Hoffmann,Wilhelm Rudolf,2. Januar 1833
4398,"Hoffmann-Aul, Henriette Katharina",Hoffmann-Aul Henriette Katharina,Hoffmann-Aul,Henriette Katharina,17. Januar 1849
4399,"Hoffmann-Courtier, Willi",Hoffmann-Courtier Willi,Hoffmann-Courtier,Willi,10. Dezbr. 1876
4400,Hoffmann,Hoffmann ,Hoffmann,,Juni 1809
4401,"Hoffmann-Merian, Theodor",Hoffmann-Merian Theodor,Hoffmann-Merian,Theodor,5. März 1819
4402,"Hoffmann(-Nesselbach), Leonhard",Hoffmann Leonhard,Hoffmann,Leonhard,8. Aug. 1845
4403,"Hoffmann-Schaumberg, Georg",Hoffmann-Schaumberg Georg,Hoffmann-Schaumberg,Georg,.
4404,"Hoffmann (v. Wangenheim), Pauline",Hoffmann Pauline,Hoffmann,Pauline,19. Juli 1856
4405,"Hoffmeister, Hermann Wilhelm",Hoffmeister Hermann Wilhelm,Hoffmeister,Hermann Wilhelm,21. Oktbr. 1839
4406,"Hoffmeister, Philipp",Hoffmeister Philipp,Hoffmeister,Philipp,17.April 1804
4407,"Hoffnaaß, Franziska von",Hoffnaaß Franziska,Hoffnaaß,Franziska,.
4408,"Höffner, Johannes",Höffner Johannes,Höffner,Johannes,18.März 1868
4409,"Hoffs, Friedrich van",Hoffs Friedrich,Hoffs,Friedrich,13.Juni 1843
4410,"Hoffschild, Wilhelm Franz",Hoffschild Wilhelm Franz,Hoffschild,Wilhelm Franz,22. Juni 1869
4411,"Höfler, Konstantin Ritter von",Höfler Konstantin,Höfler,Konstantin, März 1811
4412,"Hofmann, Bernhard",Hofmann Bernhard,Hofmann,Bernhard,13. Mai 1834
4413,"Hofmann, Else",Hofmann Else,Hofmann,Else,21. Oktbr. 1862
4414,"Hofmann, Emil",Hofmann Emil,Hofmann,Emil,13. April1864
4415,"Hofmann, Franz",Hofmann Franz,Hofmann,Franz,.
4416,"Hofmann, Friedrich",Hofmann Friedrich,Hofmann,Friedrich,18.April 1813
4417,"Hofmann, Joseph",Hofmann Joseph,Hofmann,Joseph,19. März 1858
4418,"Hofmann, Jda",Hofmann Jda,Hofmann,Jda,14. Juli1854
4419,"Hofmann, Katharina",Hofmann Katharina,Hofmann,Katharina,15. Oktober 1858
4420,"Hofmann von Nauborn, Konrad",Hofmann von Nauborn Konrad,Hofmann von Nauborn,Konrad,21. Juli 1829
4421,"Hofmann, Max",Hofmann Max,Hofmann,Max,27. Juli1861
4422,"Hofmann, Max",Hofmann Max,Hofmann,Max,20. August 1867
4423,"Hofmannsthal, Hugo Hofmann Edler von",Hofmannsthal Hugo Hofmann,Hofmannsthal,Hugo Hofmann,1. Februar1874
4424,"Hofmeister, Georg Xaver Adolf, psd. Wladimir",Hofmeister Georg Xaver Adolf,Hofmeister,Georg Xaver Adolf,9. Juni1818
4425,"Hofstätter, Jakob",Hofstätter Jakob,Hofstätter,Jakob,5.Septbr. 1825
4426,"Hofstetter, Maria",Hofstetter Maria,Hofstetter,Maria,.
4427,"Hoeft, Bernhard",Hoeft Bernhard,Hoeft,Bernhard,29.November 1863
4428,"Högger, Robert",Högger Robert,Högger,Robert,5.Febr. 1869
4429,"Hohenbühel, genannt Heufler zu Rasen und Perdonegg, Ludwig Freiherr von",Hohenbühel Ludwig,Hohenbühel,Ludwig,26. Aug.1817
4430,"Hohenfeld, Hans",Hohenfeld Hans,Hohenfeld,Hans,.
4431,"Hohenfurth, Franz von",Hohenfurth Franz,Hohenfurth,Franz,.
4432,"Hohenhausen, Elise Friederike Felicitas v",Hohenhausen Elise Friederike Felicitas,Hohenhausen,Elise Friederike Felicitas,7. März1812
4433,Hohenmarkt,Hohenmarkt ,Hohenmarkt,,.
4434,"Hohenried, L. St",Hohenried L. St,Hohenried,L. St,.
4435,"Hohenstein, Angelika",Hohenstein Angelika,Hohenstein,Angelika,.
4436,"Hohenstein, K",Hohenstein K,Hohenstein,K,.
4437,"Hohenthal, Waldemar",Hohenthal Waldemar,Hohenthal,Waldemar,.
4438,"Hohenziel, Erich",Hohenziel Erich,Hohenziel,Erich,.
4439,"Höhl, Leopold",Höhl Leopold,Höhl,Leopold,12. Dezbr.1844
4440,"Hohlbaum, Robert",Hohlbaum Robert,Hohlbaum,Robert,28.August 1886
4441,"Höhler, Matthias",Höhler Matthias,Höhler,Matthias, Oktober 1876
4442,"Hohlfeld, Dora",Hohlfeld Dora,Hohlfeld,Dora,21. Februar 1862
4443,"Hohmann, Emilie",Hohmann Emilie,Hohmann,Emilie,22. Januar 1815
4444,"Hohndorf, Luise",Hohndorf Luise,Hohndorf,Luise,.
4445,"Hohnerlein, Max",Hohnerlein Max,Hohnerlein,Max,16.März 1865
4446,"Hohoff, Marie",Hohoff Marie,Hohoff,Marie,13. Juni1855
4447,"Hohrath, Klara",Hohrath Klara,Hohrath,Klara,.
4448,"Hohrath, Ottilie",Hohrath Ottilie,Hohrath,Ottilie,.
4449,"Hoinville, Friedrich Theophil Jean",Hoinville Friedrich Theophil Jean,Hoinville,Friedrich Theophil Jean,19. Juni 1859
4450,"Hölder, Fritz",Hölder Fritz,Hölder,Fritz,.
4451,"Holdschmidt, Adolf",Holdschmidt Adolf,Holdschmidt,Adolf,16.Septbr. 1875
4452,"Holitscher, Arthur",Holitscher Arthur,Holitscher,Arthur,22.August 1869
4453,"Holitscher, Philipp",Holitscher Philipp,Holitscher,Philipp,1. Mai1822
4454,"Holl, Joseph",Holl Joseph,Holl,Joseph,30. August 1856
4455,"Hollander, Karl Wilhelm",Hollander Karl Wilhelm,Hollander,Karl Wilhelm,5. April 1888
4456,"Hollaender, Felix",Hollaender Felix,Hollaender,Felix,1. Novbr. 1867
4457,"Holler, Helmut P",Holler Helmut P,Holler,Helmut P,8. Juni 1871
4458,"Hollmann, Anton",Hollmann Anton,Hollmann,Anton,30. Jan.1832
4459,"Höllrigl, Franz",Höllrigl Franz,Höllrigl,Franz,26. Mai1836
4460,"Hollstein, Georg",Hollstein Georg,Hollstein,Georg,.
4461,"Holly, Franz Jakob",Holly Franz Jakob,Holly,Franz Jakob,26. April 1858
4462,"Holly, Leon",Holly Leon,Holly,Leon,.
4463,"Holm, Adolf",Holm Adolf,Holm,Adolf,21. April1858
4464,"Holm, Engelbert",Holm Engelbert,Holm,Engelbert,.
4465,"Holm, Ernst Ludwig Emil",Holm Ernst Ludwig Emil,Holm,Ernst Ludwig Emil, März 1865
4466,"Holm, Karl Christian Andreas",Holm Karl Christian Andreas,Holm,Karl Christian Andreas,4. Dezbr. 1855
4467,"Holm, Korfiz",Holm Korfiz,Holm,Korfiz, August 1872
4468,"Holm, Kurt",Holm Kurt,Holm,Kurt,.
4469,"Holm, Mia",Holm Mia,Holm,Mia, Septbr. 1845
4470,"Holm, Olga",Holm Olga,Holm,Olga,.
4471,"Holmquist, Mary",Holmquist Mary,Holmquist,Mary,27. August 1874
4472,"Holnstein, Jda Gräfin v",Holnstein Jda,Holnstein,Jda,9. Aug. 1838
4473,"Holst, Adolf",Holst Adolf,Holst,Adolf,7. Jan.1867
4474,"Holst, Johann Gottlieb",Holst Johann Gottlieb,Holst,Johann Gottlieb,20.März 1802
4475,"Holst, Karl",Holst Karl,Holst,Karl,16. August 1836
4476,"Holstein, Franz Friedrich von",Holstein Franz Friedrich,Holstein,Franz Friedrich,16. Febr. 1826
4477,"Holter, Markus",Holter Markus,Holter,Markus,20. Nov.1812
4478,"Hölterhoff, Elise",Hölterhoff Elise,Hölterhoff,Elise,24.August 1819
4479,"Holthausen (Holthusen), Gustav",Holthausen Gustav,Holthausen,Gustav,24. Juni 1848
4480,"Holthausen, Jeannette",Holthausen Jeannette,Holthausen,Jeannette,.März 1812
4481,"Holtschmidt, Friedrich",Holtschmidt Friedrich,Holtschmidt,Friedrich,6. April 1832
4482,"Hölty, Hermann",Hölty Hermann,Hölty,Hermann,4. November 1828
4483,"Holtzendorff, Georg Graf",Holtzendorff Georg,Holtzendorff,Georg,31. Juli 1838
4484,"Holz, Arno",Holz Arno,Holz,Arno,26. April1863
4485,"Holzamer, Wilhelm",Holzamer Wilhelm,Holzamer,Wilhelm,28. März 1870
4486,"Holzer, Rudolf",Holzer Rudolf,Holzer,Rudolf,28. Juli1875
4487,"Holzhausen, Fritz Freiherr",Holzhausen Fritz,Holzhausen,Fritz,12. April 1857
4488,"Holzhey, Georg",Holzhey Georg,Holzhey,Georg,14.Septbr. 1872
4489,"Hölzke, Hermann",Hölzke Hermann,Hölzke,Hermann,14.Novbr. 1873
4490,"Holzmann(-Forrer), Klara",Holzmann Klara,Holzmann,Klara,.
4491,"Holzschuher, Hanns",Holzschuher Hanns,Holzschuher,Hanns,5. April 1874
4492,"Holzwarth, Franz Joseph",Holzwarth Franz Joseph,Holzwarth,Franz Joseph,21. Dezbr. 1826
4493,"Homann, Walter",Homann Walter,Homann,Walter,Januar 1887
4494,"Homberger, H",Homberger H,Homberger,H, Aug. 1890
4495,"Homburg, Martin Anton Hinrich",Homburg Martin Anton Hinrich,Homburg,Martin Anton Hinrich,18. Septbr. 1858
4496,"Homrighausen, Karl Ernst",Homrighausen Karl Ernst,Homrighausen,Karl Ernst,. Septbr. 1858
4497,"Honcamp, Franz",Honcamp Franz,Honcamp,Franz,24.Mai 1805
4498,"Hondrey, Georg",Hondrey Georg,Hondrey,Georg,28.Januar 1871
4499,"Honegger, Johann Jakob",Honegger Johann Jakob,Honegger,Johann Jakob,13. Juli 1825
4500,"Honig, Ernst",Honig Ernst,Honig,Ernst,.
4501,"Hönig, Franz",Hönig Franz,Hönig,Franz,24. Oktbr.1867
4502,"Hönig, Fritz",Hönig Fritz,Hönig,Fritz,3. November 1903
4503,"Honke, Julius",Honke Julius,Honke,Julius,.
4504,"Honoré, Wilhelm",Honoré Wilhelm,Honoré,Wilhelm,24. Mai 1836
4505,"Honthumb, Kaspar Alexander",Honthumb Kaspar Alexander,Honthumb,Kaspar Alexander,12. Juni 1839
4506,"Hood, Fred",Hood Fred,Hood,Fred,.
4507,"Hoos, Ernst",Hoos Ernst,Hoos,Ernst,6. März1873
4508,"Hopf, Albert",Hopf Albert,Hopf,Albert,9. Mai 1829
4509,"Hopf, Dora-Lotti",Hopf Dora-Lotti,Hopf,Dora-Lotti,.
4510,"Hopf, Ludwig",Hopf Ludwig,Hopf,Ludwig,.
4511,"Hopfen, Hans Demetrius Ritter von",Hopfen Hans Demetrius,Hopfen,Hans Demetrius,3. Januar 1835
4512,"Hopfen, Otto Helmut",Hopfen Otto Helmut,Hopfen,Otto Helmut,16. August 1870
4513,"Hopfensack, Johann Christian Wilhelm August",Hopfensack Johann Christian Wilhelm August,Hopfensack,Johann Christian Wilhelm August,1. Oktbr.1801
4514,"Hopfner, P. Jsidor",Hopfner P. Jsidor,Hopfner,P. Jsidor,8.Mai 1858
4515,Hoplit,Hoplit ,Hoplit,,.
4516,"Hopp, Ernst Otto",Hopp Ernst Otto,Hopp,Ernst Otto,19.August 1841
4517,"Hoppe, Hermann",Hoppe Hermann,Hoppe,Hermann,15.Juni 1865
4518,"Hoppensack, Leopold August",Hoppensack Leopold August,Hoppensack,Leopold August,13. Oktober 1820
4519,"Höppl, Christian",Höppl Christian,Höppl,Christian,.
4520,"Höppner, Gustav",Höppner Gustav,Höppner,Gustav,22. Jan.1849
4521,"Hoppstädter, Wilhelm",Hoppstädter Wilhelm,Hoppstädter,Wilhelm,7. Septbr. 1856
4522,"Horak, V. F",Horak V. F,Horak,V. F,11. Dezember1860
4523,"Horath, Robert",Horath Robert,Horath,Robert,31. Oktbr.1869
4524,"Horix, Therese von",Horix Therese,Horix,Therese,.
4525,"Hörmann, Angelika von",Hörmann Angelika,Hörmann,Angelika,28. April 1843
4526,"Hörmann zu Hörbach, Ludwig von",Hörmann zu Hörbach Ludwig,Hörmann zu Hörbach,Ludwig,12. Oktbr. 1837
4527,"Hörmann, Leopold",Hörmann Leopold,Hörmann,Leopold,26.Oktober 1857
4528,"Horn, Gotthard Albert",Horn Gotthard Albert,Horn,Gotthard Albert,6. April 1833
4529,"Horn, Franz",Horn Franz,Horn,Franz,27. Mai1858
4530,"Horn, Georg",Horn Georg,Horn,Georg,28. April1831
4531,"Horn, Hermann",Horn Hermann,Horn,Hermann,26. März1874
4532,"Horn, Johannes Dietrich Heinrich (Hans Dietrich",Horn Johannes Dietrich Heinrich,Horn,Johannes Dietrich Heinrich,.
4533,"Horn, Jürgen Friedrich",Horn Jürgen Friedrich,Horn,Jürgen Friedrich,21. Jan. 1803
4534,"Horn, M. von",Horn M.,Horn,M.,.
4535,"Horn, Heinrich Moritz",Horn Heinrich Moritz,Horn,Heinrich Moritz,14. November 1814
4536,"Horn, Oskar",Horn Oskar,Horn,Oskar,31. Dezbr. 1907
4537,"Horn, Uffo Daniel",Horn Uffo Daniel,Horn,Uffo Daniel,18. Mai 1817
4538,"Horn, Wilhelm",Horn Wilhelm,Horn,Wilhelm,16. Jan.1847
4539,"Hornau, Dora",Hornau Dora,Hornau,Dora,.
4540,"Horner, Heinrich",Horner Heinrich,Horner,Heinrich,.
4541,"Horner, Max",Horner Max,Horner,Max,23.Mai 1881
4542,"Hoernes, Jenny",Hoernes Jenny,Hoernes,Jenny,8. April 1877
4543,"Hoernes, Moritz",Hoernes Moritz,Hoernes,Moritz,29. Jan.1852
4544,"Hornfeck, Friedrich",Hornfeck Friedrich,Hornfeck,Friedrich,8. Mai1822
4545,"Hornig, Heinrich",Hornig Heinrich,Hornig,Heinrich,12.Oktober 1876
4546,"Hornstein (-Hohenstoffeln), Ferdinand Frhr. v",Hornstein (-Hohenstoffeln) Ferdinand,Hornstein (-Hohenstoffeln),Ferdinand,31. Mai 1865
4547,"Hörschelmann, Emilie von",Hörschelmann Emilie,Hörschelmann,Emilie, September1844
4548,"Horschick, Josef Johann",Horschick Josef Johann,Horschick,Josef Johann,16. Februar 1874
4549,"Horst, C. von",Horst C.,Horst,C.,.
4550,"Horst, Erich von",Horst Erich,Horst,Erich,.
4551,"Horst, Moritz",Horst Moritz,Horst,Moritz,.
4552,"Horst, Sophie von der",Horst Sophie,Horst,Sophie,.
4553,"Horst, Waldemar",Horst Waldemar,Horst,Waldemar,.
4554,"Horst, Wilhelm Philipp Alfred Freiherr von der",Horst Wilhelm Philipp Alfred,Horst,Wilhelm Philipp Alfred,26. März1840
4555,"Horsten, Hans",Horsten Hans,Horsten,Hans,.
4556,"Horstenau, E. von",Horstenau E.,Horstenau,E.,.
4557,"Horter, Johann Traugott",Horter Johann Traugott,Horter,Johann Traugott,16. Dezbr. 1857
4558,"Hosäus, Friedrich Wilhelm",Hosäus Friedrich Wilhelm,Hosäus,Friedrich Wilhelm,7. September 1827
4559,"Hoesch, Lucy",Hoesch Lucy,Hoesch,Lucy,1. Oktbr. 1864
4560,"Hoeßlin, Julius Konstantin von",Hoeßlin Julius Konstantin,Hoeßlin,Julius Konstantin,11. Juni 1867
4561,"Hostert, Michael",Hostert Michael,Hostert,Michael,26.Aug. 1835
4562,"Hotho, Heinrich Gustav",Hotho Heinrich Gustav,Hotho,Heinrich Gustav,22.Mai 1802
4563,"Hotop, Luise",Hotop Luise,Hotop,Luise,.
4564,"Hottner-Grefe, Anna",Hottner-Grefe Anna,Hottner-Grefe,Anna,17. März 1867
4565,"Hotzen, Otto",Hotzen Otto,Hotzen,Otto,17. Oktbr.1830
4566,"Hötzl, Joseph",Hötzl Joseph,Hötzl,Joseph,19. Jan.1817
4567,"Houben, Heinr",Houben Heinr,Houben,Heinr,19. Febr.1866
4568,"Houillon, P",Houillon P,Houillon,P,24. Novbr. 1836
4569,"Hoursch, August",Hoursch August,Hoursch,August,28.August 1873
4570,"Houtz, Wilhelm",Houtz Wilhelm,Houtz,Wilhelm,16. Aug.1839
4571,"Howald, Johannes",Howald Johannes,Howald,Johannes,28.Dezbr. 1854
4572,"Howilli, P",Howilli P,Howilli,P,.
4573,"Hoxar, Wilhelm Freiherr",Hoxar Wilhelm,Hoxar,Wilhelm,12. März 1848
4574,"Hoyer, Auguste",Hoyer Auguste,Hoyer,Auguste,26. Febr. 1842
4575,"Hoyer, Elise",Hoyer Elise,Hoyer,Elise,22. Mai 1852
4576,"Hoyer, Niels",Hoyer Niels,Hoyer,Niels,19. März1820
4577,"Hoyer, Renata Amalie Karoline",Hoyer Renata Amalie Karoline,Hoyer,Renata Amalie Karoline,27. Februar 1855
4578,"Hoyningen-Huene, Alfred Freiherr v",Hoyningen-Huene Alfred,Hoyningen-Huene,Alfred,.
4579,"Hoyos, Rudolf Graf v",Hoyos Rudolf,Hoyos,Rudolf,9. Novbr.1821
4580,"Hradisch, Joh. von",Hradisch Joh.,Hradisch,Joh.,.
4581,"Hruschka, Annie",Hruschka Annie,Hruschka,Annie,.
4582,"Hruschka, Ella",Hruschka Ella,Hruschka,Ella,7. Mai 1854
4583,"Hrussoczy, Marie Edle von",Hrussoczy Marie,Hrussoczy,Marie,.Dezbr. 1821
4584,"Hub, Jgnaz",Hub Jgnaz,Hub,Jgnaz,27. März 1880
4585,"Hubatsch, Oskar",Hubatsch Oskar,Hubatsch,Oskar,.
4586,"Hübel, Felix",Hübel Felix,Hübel,Felix,7. Novbr.1874
4587,"Hüben, Viktor von",Hüben Viktor,Hüben,Viktor,.
4588,"Hübener, Fanny",Hübener Fanny,Hübener,Fanny,.
4589,"Hübener, Helene",Hübener Helene,Hübener,Helene,.
4590,"Huber, Else von",Huber Else,Huber,Else,.
4591,"Huber, Joseph",Huber Joseph,Huber,Joseph,10. März1839
4592,"Huber, Karl",Huber Karl,Huber,Karl,27. April 1828
4593,"Huber, Marie",Huber Marie,Huber,Marie, Juli 1896
4594,"Huber(-Cador), Anna",Huber(-Cador) Anna,Huber(-Cador),Anna,.
4595,"Huber, Rudolf Wilhelm",Huber Rudolf Wilhelm,Huber,Rudolf Wilhelm,8. Juli 1868
4596,"Hübner, Arthur",Hübner Arthur,Hübner,Arthur,21.April 1865
4597,"Hübner, Rudolf Julius Benno",Hübner Rudolf Julius Benno,Hübner,Rudolf Julius Benno,27. Januar 1806
4598,"Hübner, Otto R",Hübner Otto R,Hübner,Otto R,28.Dezbr. 1860
4599,"Hübscher, Christian",Hübscher Christian,Hübscher,Christian,12.März 1881
4600,"Huch, Emilie",Huch Emilie,Huch,Emilie,22. Septbr.1852
4601,"Huch, Friedrich",Huch Friedrich,Huch,Friedrich,19. Juni1873
4602,"Huch, Ricarda Octavia",Huch Ricarda Octavia,Huch,Ricarda Octavia, Juli 1864
4603,"Huch, Rudolf",Huch Rudolf,Huch,Rudolf,28. Febr.1862
4604,"Hückinghaus, Karl August",Hückinghaus Karl August,Hückinghaus,Karl August,29. Septbr. 1861
4605,"Hückstädt, Ernst Wilhelm Gustav",Hückstädt Ernst Wilhelm Gustav,Hückstädt,Ernst Wilhelm Gustav,9. Dezbr. 1850
4606,"Hüdiger, Karl",Hüdiger Karl,Hüdiger,Karl,.
4607,"Hüffer, Alfred",Hüffer Alfred,Hüffer,Alfred,23. Aug. 1899
4608,"Hugendubel, Friedrich Ludwig Heinrich",Hugendubel Friedrich Ludwig Heinrich,Hugendubel,Friedrich Ludwig Heinrich,26. April 1841
4609,"Huggenberger, Alfred",Huggenberger Alfred,Huggenberger,Alfred,26. Dezbr. 1867
4610,"Huggenberger, Joseph",Huggenberger Joseph,Huggenberger,Joseph,5. Febr. 1865
4611,"Hugin, F",Hugin F,Hugin,F,.
4612,"Hügli, Emil",Hügli Emil,Hügli,Emil,9. Septbr.1873
4613,"Hugo, Arwed",Hugo Arwed,Hugo,Arwed,.
4614,"Hugo, André",Hugo André,Hugo,André,.
4615,"Hugo, Carl",Hugo Carl,Hugo,Carl,.
4616,"Hugo, Karl",Hugo Karl,Hugo,Karl,.
4617,"Hugo, Karl",Hugo Karl,Hugo,Karl,15. November 1877
4618,"Hugo, S",Hugo S,Hugo,S,.
4619,"Huhn, Ernst",Huhn Ernst,Huhn,Ernst,4. Februar1872
4620,"Hüke, Frida",Hüke Frida,Hüke,Frida,14. Nov.1871
4621,"Huldschiner, Richard",Huldschiner Richard,Huldschiner,Richard,11. Juli 1872
4622,"Hülgerth, Heribert",Hülgerth Heribert,Hülgerth,Heribert,1. Mai 1866
4623,"Hüll, Johannes",Hüll Johannes,Hüll,Johannes,.
4624,"Hülsen, Helene von",Hülsen Helene von,Hülsen,Helene von,16. Februar 1829
4625,"Hülsen, Wilhelm",Hülsen Wilhelm,Hülsen,Wilhelm,.
4626,"Hülter, Karl",Hülter Karl,Hülter,Karl,24. Juni 1873
4627,"Hultzsch, Heinrich Christian Julius Theodor",Hultzsch Heinrich Christian Julius Theodor,Hultzsch,Heinrich Christian Julius Theodor,4.Juni 1866
4628,"Humbracht, Luise Ernestine Malvinav",Humbracht Luise Ernestine Malvinav,Humbracht,Luise Ernestine Malvinav,30. Novbr. 1825
4629,"Huemer, Camillo",Huemer Camillo,Huemer,Camillo,29. Jan.1866
4630,"Huemer, Franz",Huemer Franz,Huemer,Franz,26. Juli1855
4631,"Hummel, Frida",Hummel Frida,Hummel,Frida,.
4632,"Hummel, Gottlob Friedrich",Hummel Gottlob Friedrich,Hummel,Gottlob Friedrich,9. Juli 1869
4633,"Hummel, Joseph",Hummel Joseph,Hummel,Joseph,6.August 1879
4634,"Humperdinck, Gustav",Humperdinck Gustav,Humperdinck,Gustav,7.Oktober 1823
4635,"Huna, Ludwig",Huna Ludwig,Huna,Ludwig,18. Jan.1872
4636,"Hundt, Ferdinand",Hundt Ferdinand,Hundt,Ferdinand,7. Jan.1835
4637,"Hünerbein, Charlotte von",Hünerbein Charlotte,Hünerbein,Charlotte,.
4638,"Hungari, Anton",Hungari Anton,Hungari,Anton,10.Mai 1809
4639,"Hunnius, Luise Amalie Dorette",Hunnius Luise Amalie Dorette,Hunnius,Luise Amalie Dorette,19. Jan. 1825
4640,"Hunnius, Karl Benoni Justinus",Hunnius Karl Benoni Justinus,Hunnius,Karl Benoni Justinus, Januar 1883
4641,"Hunold, Balthasar",Hunold Balthasar,Hunold,Balthasar,24. April 1828
4642,"Hunold, Geo (George",Hunold Geo,Hunold,Geo,10. Septbr. 1871
4643,"Hunziker, Jakob",Hunziker Jakob,Hunziker,Jakob,28.Juli 1861
4644,"Hunziker(-Thommen), Marie",Hunziker Marie,Hunziker,Marie,7. April 1839
4645,"Hüppe, Felix",Hüppe Felix,Hüppe,Felix,.
4646,"Huschak, Joseph Andreas",Huschak Joseph Andreas,Huschak,Joseph Andreas,8. Juni 1834
4647,"Husmann, Fritz",Husmann Fritz,Husmann,Fritz,7. Febr. 1877
4648,"Husterer, Johann Georg",Husterer Johann Georg,Husterer,Johann Georg,17. Dezember 1834
4649,"Huter, Karl",Huter Karl,Huter,Karl,.
4650,"Huth, Emmy Elisabeth von",Huth Emmy Elisabeth,Huth,Emmy Elisabeth,.März 1876
4651,"Huth, Friedrich",Huth Friedrich,Huth,Friedrich,.
4652,"Hüttel, Karl",Hüttel Karl,Hüttel,Karl,26. Mai1869
4653,"Hüttemann, Johann Adolf",Hüttemann Johann Adolf,Hüttemann,Johann Adolf,23. Mai 1863
4654,"Hutten, Ella von",Hutten Ella,Hutten,Ella,2. April1874
4655,"Hutten, J",Hutten J,Hutten,J,.
4656,"Hutten-Stolzenburg, Marie Luise Freiin von",Hutten-Stolzenburg Marie Luise,Hutten-Stolzenburg,Marie Luise,11. November 1905
4657,"Hutter, W. Theodor",Hutter W. Theodor,Hutter,W. Theodor,16.Septbr. 1860
4658,"Hutterus, Johann Martin",Hutterus Johann Martin,Hutterus,Johann Martin,28. Juli 1810
4659,"Hüttinger, Heinrich",Hüttinger Heinrich,Hüttinger,Heinrich,13.Oktober 1865
4660,"Hüttmann, Wilhelm",Hüttmann Wilhelm,Hüttmann,Wilhelm,26.November 1850
4661,"Hutzler, Sarah",Hutzler Sarah,Hutzler,Sarah,.
4662,"Huybensz, Max",Huybensz Max,Huybensz,Max,27. Jan. 1843
4663,"Huyn, Luise",Huyn Luise,Huyn,Luise,6. Novbr. 1843
4664,"Huyssen, Gotthelf Wilhelm Friedr",Huyssen Gotthelf Wilhelm Friedr,Huyssen,Gotthelf Wilhelm Friedr,8. Febr. 1822
4665,"Hyan, Hans",Hyan Hans,Hyan,Hans,2. Juni 1868
4666,Hyperion,Hyperion ,Hyperion,,.
4667,"Hyrtl, Auguste",Hyrtl Auguste,Hyrtl,Auguste,22.Febr. 1818
4668,"Jacht, Karl Heinrich",Jacht Karl Heinrich,Jacht,Karl Heinrich,21. Dezbr. 1803
4669,"Jacob, Nathan",Jacob Nathan,Jacob,Nathan,.
4670,"Jacobi, Johannes Otto",Jacobi Johannes Otto,Jacobi,Johannes Otto,.Juni 1838
4671,"Jacobi, Otto",Jacobi Otto,Jacobi,Otto,.
4672,"Jacobi, Minna (von",Jacobi Minna,Jacobi,Minna,.
4673,"Jacobowski, Ludwig",Jacobowski Ludwig,Jacobowski,Ludwig,21. Januar 1868
4674,"Jacobs, Alois",Jacobs Alois,Jacobs,Alois,22. April1860
4675,"Jacobs, Fritz",Jacobs Fritz,Jacobs,Fritz,2. August1876
4676,"Jacobs, Wilhelm",Jacobs Wilhelm,Jacobs,Wilhelm,28. Mai 1870
4677,"Jacobsen, Ernst Ludwig",Jacobsen Ernst Ludwig,Jacobsen,Ernst Ludwig, Septbr. 1884
4678,"Jacobsen, Friedrich",Jacobsen Friedrich,Jacobsen,Friedrich,15.Novbr. 1853
4679,"Jacobsen, A. Gerhard Claudius",Jacobsen A. Gerhard Claudius,Jacobsen,A. Gerhard Claudius,13. Juli 1853
4680,"Jacobsen, Johannes",Jacobsen Johannes,Jacobsen,Johannes,1. Mai 1854
4681,"Jacobson, Eduard",Jacobson Eduard,Jacobson,Eduard,10.November 1833
4682,"Jacobus, Johann",Jacobus Johann,Jacobus,Johann,.
4683,"Jacoby, Alinda",Jacoby Alinda,Jacoby,Alinda,.
4684,"Jacoby, Beate",Jacoby Beate,Jacoby,Beate,.
4685,"Jacoby, Käte",Jacoby Käte,Jacoby,Käte,13. Dezbr. 1870
4686,"Jacoby, Leopold",Jacoby Leopold,Jacoby,Leopold,29. April 1840
4687,"Jacoby, Wilhelm",Jacoby Wilhelm,Jacoby,Wilhelm,8.März 1855
4688,"Jacques, Norbert",Jacques Norbert,Jacques,Norbert,6.Juni 1880
4689,"Jacusiel, Johann Kaspar",Jacusiel Johann Kaspar,Jacusiel,Johann Kaspar,21. März 1849
4690,"Jadassohn, Alice",Jadassohn Alice,Jadassohn,Alice,.
4691,"Jadassohn, Beate",Jadassohn Beate,Jadassohn,Beate,.
4692,"Jaden, Hans Krticzka",Jaden Hans Krticzka,Jaden,Hans Krticzka,.
4693,"Jaffa, Eugen",Jaffa Eugen,Jaffa,Eugen,9. Novbr.1842
4694,"Jaffé, Richard",Jaffé Richard,Jaffé,Richard,15. Febr.1861
4695,"Jaffé, Robert",Jaffé Robert,Jaffé,Robert,7. Febr.1870
4696,"Jaeger, Christian August",Jaeger Christian August,Jaeger,Christian August,13. März 1817
4697,"Jäger, Georg Leonhard Albert",Jäger Georg Leonhard Albert,Jäger,Georg Leonhard Albert,23. Februar 1843
4698,"Jäger, Georg Friedrich Oskar",Jäger Georg Friedrich Oskar,Jäger,Georg Friedrich Oskar,13. Dezbr. 1826
4699,"Jäger, Heinrich",Jäger Heinrich,Jäger,Heinrich,2. Jan.1875
4700,"Jäger, Hermann",Jäger Hermann,Jäger,Hermann,.
4701,"Jaeger, Jacques",Jaeger Jacques,Jaeger,Jacques,11. Juni1857
4702,"Jäger, Johann Martin",Jäger Johann Martin,Jäger,Johann Martin,17. August 1879
4703,"Jäger, Konrad Andreas Wilhelm",Jäger Konrad Andreas Wilhelm,Jäger,Konrad Andreas Wilhelm,.
4704,"Jagow, Eugen von",Jagow Eugen,Jagow,Eugen,6. März 1849
4705,"Jahde, Hans von der",Jahde Hans,Jahde,Hans,.
4706,"Jahn, Ernst Reinhold",Jahn Ernst Reinhold,Jahn,Ernst Reinhold,12.April 1853
4707,"Jahn, Gustav",Jahn Gustav,Jahn,Gustav,23. Februar 1818
4708,"Jahn, Heinz",Jahn Heinz,Jahn,Heinz,28. Febr.1887
4709,"Jahn, Albrecht Karl Rudolf Hermann",Jahn Albrecht Karl Rudolf Hermann,Jahn,Albrecht Karl Rudolf Hermann,29. August 1847
4710,"Jahn, Hermann Eduard",Jahn Hermann Eduard,Jahn,Hermann Eduard,13. August 1857
4711,"Jahne, Ludwig",Jahne Ludwig,Jahne,Ludwig,.
4712,"Jahnke, Hermann Friedrich",Jahnke Hermann Friedrich,Jahnke,Hermann Friedrich,20. April 1845
4713,"Jahnke, Clara",Jahnke Clara,Jahnke,Clara,4. November 1905
4714,"Jähns, Max",Jähns Max,Jähns,Max,18. April 1837
4715,"Jahrow, Else",Jahrow Else,Jahrow,Else,.
4716,"Jakob, Gottfried",Jakob Gottfried,Jakob,Gottfried,24. Febr.1839
4717,"Jaksch, Elfriede",Jaksch Elfriede,Jaksch,Elfriede, September 1844
4718,"Jan, Hermann Ludwig von",Jan Hermann Ludwig,Jan,Hermann Ludwig,.Mai 1851
4719,"Jancsuskó, Ladislaus G",Jancsuskó Ladislaus G,Jancsuskó,Ladislaus G,28. August 1878
4720,"Jaenicke, Heinrich Martin",Jaenicke Heinrich Martin,Jaenicke,Heinrich Martin,8. März 1818
4721,"Jaenicke, Karl",Jaenicke Karl,Jaenicke,Karl,13. Nov.1849
4722,"Janinski, Antonio Richard Edu- ard",Janinski Antonio Richard Eduard,Janinski,Antonio Richard Eduard,21. August 1805
4723,"Janitschek, Marie",Janitschek Marie,Janitschek,Marie,23. Juli 1860
4724,"Janitschka, Johann u. Jakob",Janitschka Johann,Janitschka,Johann,19. Oktbr.1797
4725,"Janke, Carola",Janke Carola,Janke,Carola,24. Dezbr. 1824
4726,"Janke, Gustav Theodor Erich",Janke Gustav Theodor Erich,Janke,Gustav Theodor Erich,25. November 1878
4727,"Janke, C. Friedrich",Janke C. Friedrich,Janke,C. Friedrich,22.Novbr. 1846
4728,"Jankowitz, Wilhelm Bernhard",Jankowitz Wilhelm Bernhard,Jankowitz,Wilhelm Bernhard,16. März 1847
4729,"Jannsen, Harry",Jannsen Harry,Jannsen,Harry,.
4730,"Jansen, Ferdinand",Jansen Ferdinand,Jansen,Ferdinand,13. Aug. 1859
4731,"Jansen, Robert",Jansen Robert,Jansen,Robert,18. Juli1881
4732,"Jansen, Sophie",Jansen Sophie,Jansen,Sophie,26. März1862
4733,"Jantsch, Heinrich",Jantsch Heinrich,Jantsch,Heinrich,7.März 1845
4734,"Jantsch, Johann",Jantsch Johann,Jantsch,Johann,9.Dezbr. 1850
4735,"Jantschge, Georg",Jantschge Georg,Jantschge,Georg, August 1901
4736,Janus,Janus ,Janus,,.
4737,"Januskiewiez, Hans Wilhelm Alexander von",Januskiewiez Hans Wilhelm Alexander,Januskiewiez,Hans Wilhelm Alexander,1. Juli 1880
4738,"Jaques, Hermann",Jaques Hermann,Jaques,Hermann,16.Septbr. 1874
4739,"Jarisch, Anton Hieronymus",Jarisch Anton Hieronymus,Jarisch,Anton Hieronymus,23. Septbr. 1818
4740,"Jarke, Franziska",Jarke Franziska,Jarke,Franziska, August 1850
4741,"Jarno, Joseph",Jarno Joseph,Jarno,Joseph,.
4742,"Jaroljmek, Edmund",Jaroljmek Edmund,Jaroljmek,Edmund,.
4743,"Jarosch, Joseph",Jarosch Joseph,Jarosch,Joseph, März1863
4744,"Jässing, Albert",Jässing Albert,Jässing,Albert,28. Dezbr. 1870
4745,Jbo,Jbo ,Jbo,,.
4746,"Jckler, Karl",Jckler Karl,Jckler,Karl,8. Juni 1868
4747,"Jdel, Wilhelm",Jdel Wilhelm,Jdel,Wilhelm,6. Januar1849
4748,"Jdeler, Lucie",Jdeler Lucie,Jdeler,Lucie,4. Oktober 1910
4749,Jdem,Jdem ,Jdem,,.
4750,Jean Charles,Jean Charles ,Jean Charles,,.
4751,"Jean-Christ, L",Jean-Christ L,Jean-Christ,L,.
4752,Jean Paul,Jean Paul ,Jean Paul,,.
4753,Jean Richard,Jean Richard ,Jean Richard,,.
4754,"Jeaunehomme, Ch",Jeaunehomme Ch,Jeaunehomme,Ch,.
4755,Jeanne Marie,Jeanne Marie ,Jeanne Marie,,.
4756,"Jedrzejewski, Alfons",Jedrzejewski Alfons,Jedrzejewski,Alfons,10. Dezember 1864
4757,"Jedrzejewsky, Franz",Jedrzejewsky Franz,Jedrzejewsky,Franz,14. Dezbr. 1859
4758,"Jegerlehner, J",Jegerlehner J,Jegerlehner,J,9. April1871
4759,"Jeitteles, Jgnaz",Jeitteles Jgnaz,Jeitteles,Jgnaz,.
4760,"Jekelius, August",Jekelius August,Jekelius,August,.
4761,"Jellachich de Buszim, Joseph Graf",Jellachich de Buszim Joseph,Jellachich de Buszim,Joseph,16. Oktober 1801
4762,"Jellinek, Josef",Jellinek Josef,Jellinek,Josef,.
4763,Jemand,Jemand ,Jemand,,.
4764,"Jemand, W",Jemand W,Jemand,W,.
4765,"Jenisch, Luise",Jenisch Luise,Jenisch,Luise,5. November 1847
4766,"Jenny, Rudolf Christoph",Jenny Rudolf Christoph,Jenny,Rudolf Christoph,23. Mai 1858
4767,"Jensen, Boy",Jensen Boy,Jensen,Boy,11. Mai1864
4768,"Jensen, Thomas",Jensen Thomas,Jensen,Thomas,10. März1810
4769,"Jensen, Wilhelm",Jensen Wilhelm,Jensen,Wilhelm,15. Febr.1837
4770,"Jerma, F",Jerma F,Jerma,F,.
4771,"Jerschke, Oskar",Jerschke Oskar,Jerschke,Oskar,17. Juli1861
4772,"Jerschke, Marie",Jerschke Marie,Jerschke,Marie,.
4773,"Jerusalem(-Kotanyi), Elsa",Jerusalem(-Kotanyi) Elsa,Jerusalem(-Kotanyi),Elsa,. Novbr. 1877
4774,"Jerusalem, Peter",Jerusalem Peter,Jerusalem,Peter,19.Juli 1877
4775,"Jesinghaus, Walter",Jesinghaus Walter,Jesinghaus,Walter,28. Juli 1871
4776,"Jessen, Ludwig von",Jessen Ludwig,Jessen,Ludwig,.
4777,"Jessen, Marie",Jessen Marie,Jessen,Marie,.
4778,"Jever, Richard von",Jever Richard,Jever,Richard,.
4779,"Jezewski, Stanislaus von",Jezewski Stanislaus,Jezewski,Stanislaus,.
4780,"Jezma, P. F",Jezma P. F,Jezma,P. F,.
4781,"Jgel, Elisabeth von",Jgel Elisabeth,Jgel,Elisabeth,3.August 1864
4782,Jgnotus,Jgnotus ,Jgnotus,,.
4783,"Jhering, Marie",Jhering Marie,Jhering,Marie,25. Novbr. 1881
4784,"Jhlenfeld, Jutta",Jhlenfeld Jutta,Jhlenfeld,Jutta,29.Juni 1866
4785,"Jiriczek, Otto, Luitpold",Jiriczek Otto Luitpold,Jiriczek,Otto Luitpold,18. Dezember 1867
4786,"Jlg, Paul",Jlg Paul,Jlg,Paul,14. März 1875
4787,"Jlgen, Pedro",Jlgen Pedro,Jlgen,Pedro,5. Juli1869
4788,"Jlgenstein, Heinrich Julius",Jlgenstein Heinrich Julius,Jlgenstein,Heinrich Julius,3. Juni 1875
4789,"Jlgeny, A., Pseudon",Jlgeny A.,Jlgeny,A.,.
4790,"Jlle, Eduard",Jlle Eduard,Jlle,Eduard,17. Mai1823
4791,"Jlle, Marie",Jlle Marie,Jlle,Marie,14. Septbr. 1855
4792,"Jlling, Julia",Jlling Julia,Jlling,Julia,.
4793,"Jlling, Oskar",Jlling Oskar,Jlling,Oskar,5. Dezbr.1864
4794,"Jlluminator, Luzifer",Jlluminator Luzifer,Jlluminator,Luzifer,.
4795,"Jls, Jakob",Jls Jakob,Jls,Jakob,31. März1854
4796,Jl Turdus,Jl Turdus ,Jl Turdus,,.
4797,"Jmlauer, Gustav",Jmlauer Gustav,Jmlauer,Gustav,25. Oktbr. 1843
4798,"Jmmergrün, Paul",Jmmergrün Paul,Jmmergrün,Paul,5.Septbr. 1833
4799,"Jmmerwahr, Kaspar",Jmmerwahr Kaspar,Jmmerwahr,Kaspar,.
4800,"Jmmisch, Maria",Jmmisch Maria,Jmmisch,Maria,.
4801,"Jmre, Arpad",Jmre Arpad,Jmre,Arpad,.
4802,"Jnger, M",Jnger M,Jnger,M,.
4803,"Jngersleben, Emilie von",Jngersleben Emilie,Jngersleben,Emilie,22. Dezbr. 1822
4804,"Jnnbach, Franz",Jnnbach Franz,Jnnbach,Franz,.
4805,"Jntlekofer, Matthias",Jntlekofer Matthias,Jntlekofer,Matthias,17. Dezember 1811
4806,"Joachim, A",Joachim A,Joachim,A,.
4807,"Joachim, Jörg",Joachim Jörg,Joachim,Jörg,.
4808,"Joachim, Joseph",Joachim Joseph,Joachim,Joseph,4. April1835
4809,"Joboháza, Maczy",Joboháza Maczy,Joboháza,Maczy,.
4810,"Jobst, Julia",Jobst Julia,Jobst,Julia,8. Dezbr.1853
4811,"Jochem, Adam",Jochem Adam,Jochem,Adam, Oktbr. 1896
4812,"Jochheim, Amalie",Jochheim Amalie,Jochheim,Amalie,5. Februar 1839
4813,"Jöchle, Norbert",Jöchle Norbert,Jöchle,Norbert,20. März1878
4814,"Jockisch, Hermann Reinhold",Jockisch Hermann Reinhold,Jockisch,Hermann Reinhold,13. März 1882
4815,"Jocosus, Pipin",Jocosus Pipin,Jocosus,Pipin,.
4816,"Jocundus, Frater",Jocundus Frater,Jocundus,Frater,.
4817,"Joël, Käte",Joël Käte,Joël,Käte,12. Mai 1862
4818,"Johann, König v. Sachsen", Johann,,Johann,12. Dezember 1801
4819,Johanna,Johanna ,Johanna,,.
4820,"Johannes, Adolf",Johannes Adolf,Johannes,Adolf,.
4821,"Johannes, Adolf Wilhelm",Johannes Adolf Wilhelm,Johannes,Adolf Wilhelm,.
4822,"Johannes, Robert",Johannes Robert,Johannes,Robert,.
4823,"Johannsen, Albert",Johannsen Albert,Johannsen,Albert,14.Dezember 1850
4824,"Johannsen, Johannes",Johannsen Johannes,Johannsen,Johannes,16. September 1866
4825,"John, Alois",John Alois,John,Alois,30. März 1860
4826,"John, Eugenie",John Eugenie,John,Eugenie,22.Juni 1887
4827,"John(-Arnstadt), Jda",John Jda,John,Jda,23. Dezember 1842
4828,"John(-Marlitt), Walter",John Walter,John,Walter,23. August 1861
4829,"Johnas, Wilhelm Alfred",Johnas Wilhelm Alfred,Johnas,Wilhelm Alfred, Jan. 1880
4830,"Jolowicz, Jaques",Jolowicz Jaques,Jolowicz,Jaques,31.März 1875
4831,"Jonas, Emil Jakob",Jonas Emil Jakob,Jonas,Emil Jakob,14.Juli 1824
4832,"Jones, Robby",Jones Robby,Jones,Robby,.
4833,"Jonge, Moritz de",Jonge Moritz,Jonge,Moritz,.
4834,"Jonghans, Marie",Jonghans Marie,Jonghans,Marie,22.Febr. 1860
4835,"Jordan, Adolf",Jordan Adolf,Jordan,Adolf,3. August 1887
4836,"Jordan, Wolfg. Arthur",Jordan Wolfg. Arthur,Jordan,Wolfg. Arthur,26. Mai 1846
4837,"Jordan, Eduard",Jordan Eduard,Jordan,Eduard,16.März 1850
4838,"Jordan, Gustav",Jordan Gustav,Jordan,Gustav,21.Febr. 1856
4839,"Jordan, Karl Friedrich",Jordan Karl Friedrich,Jordan,Karl Friedrich,23. September 1861
4840,"Jordan, Otto",Jordan Otto,Jordan,Otto,19. Februar 1839
4841,"Jordan, Richard",Jordan Richard,Jordan,Richard,9. Jan. 1857
4842,"Jordan, Wilhelm",Jordan Wilhelm,Jordan,Wilhelm,8. Februar 1819
4843,"Jordaens, Hans",Jordaens Hans,Jordaens,Hans,.
4844,Jörg von Spitzispui, Jörg,,Jörg,.
4845,"Jörg, Paul",Jörg Paul,Jörg,Paul,.
4846,"Jörger, M. J",Jörger M. J,Jörger,M. J,12. Oktober1842
4847,"Josephson, Bertha",Josephson Bertha,Josephson,Bertha, Januar 1886
4848,"Josephson, Elisabeth",Josephson Elisabeth,Josephson,Elisabeth,16. Dezbr. 1858
4849,"Josephson, Ludwig",Josephson Ludwig,Josephson,Ludwig,28. Jan. 1809
4850,"Josephy, Julius",Josephy Julius,Josephy,Julius,5. März1885
4851,"Josephy, Karl",Josephy Karl,Josephy,Karl,17. April1859
4852,"Joß, Viktor",Joß Viktor,Joß,Viktor,29. Mai1869
4853,"Jost, Eduard",Jost Eduard,Jost,Eduard,21. Juli1837
4854,"Joesten, Joseph",Joesten Joseph,Joesten,Joseph,25.Septbr. 1909
4855,Jovialis,Jovialis ,Jovialis,,.
4856,Jrmin,Jrmin ,Jrmin,,.
4857,"Jros, Ernst",Jros Ernst,Jros,Ernst,.
4858,"Jrrgang, Georg",Jrrgang Georg,Jrrgang,Georg,31. März1860
4859,Jsegrimm,Jsegrimm ,Jsegrimm,,.
4860,"Jseke, Anton",Jseke Anton,Jseke,Anton,21. Juni1871
4861,"Jseke, Hermann",Jseke Hermann,Jseke,Hermann,9. März1856
4862,"Jsemann, Bernd",Jsemann Bernd,Jsemann,Bernd,.
4863,"Jsenbeck, Julius",Jsenbeck Julius,Jsenbeck,Julius, Dezbr.1900
4864,"Jsing, Wilhelm von",Jsing Wilhelm,Jsing,Wilhelm,10.August 1821
4865,"Jsler, Leopold",Jsler Leopold,Jsler,Leopold,8. März1881
4866,"Jsolani, Eugen",Jsolani Eugen,Jsolani,Eugen,.
4867,"Jßleib, Ludwig",Jßleib Ludwig,Jßleib,Ludwig,8.Februar 1827
4868,"Jtzerott, Marie",Jtzerott Marie,Jtzerott,Marie,18. Novbr.1857
4869,"Jtzerott, Katharina Elisabeth Adelheid",Jtzerott Katharina Elisabeth Adelheid,Jtzerott,Katharina Elisabeth Adelheid,27. Dezbr. 1862
4870,"Judeich-Mierswa, Frau Sidonie",Judeich-Mierswa Frau Sidonie,Judeich-Mierswa,Frau Sidonie,16. März 1874
4871,"Judeich, Edmund",Judeich Edmund,Judeich,Edmund,22. April1826
4872,"Juin, Karl",Juin Karl,Juin,Karl,.
4873,Julian,Julian ,Julian,,.
4874,Julius,Julius ,Julius,,.
4875,"Julius, Hermann",Julius Hermann,Julius,Hermann,.
4876,"Julius, Karl",Julius Karl,Julius,Karl,.
4877,"Julius, Ludwig",Julius Ludwig,Julius,Ludwig,.
4878,"Juncker, E",Juncker E,Juncker,E,.
4879,"Junker von Ober-Conreut, Elisabeth",Junker von Ober-Conreut Elisabeth,Junker von Ober-Conreut,Elisabeth,12. März 1870
4880,"Jung, Frieda",Jung Frieda,Jung,Frieda,.
4881,"Jung, Josef Franz",Jung Josef Franz,Jung,Josef Franz,5.Juni 1867
4882,"Jung, Mathilde Luise",Jung Mathilde Luise,Jung,Mathilde Luise,.
4883,"Jünger, Nathanael",Jünger Nathanael,Jünger,Nathanael,.
4884,"Junghans, Sophie",Junghans Sophie,Junghans,Sophie, September 1877
4885,"Jungmair, Rudolf",Jungmair Rudolf,Jungmair,Rudolf,26.Dezember 1875
4886,"Jungmann, Ernst Lud. August",Jungmann Ernst Lud. August,Jungmann,Ernst Lud. August,3. Juni 1851
4887,"Jungmann, Max",Jungmann Max,Jungmann,Max,1.April 1875
4888,"Jüngst, Antonie",Jüngst Antonie,Jüngst,Antonie,13. Juni1843
4889,"Jüngst, Marie",Jüngst Marie,Jüngst,Marie,30. Septbr.1835
4890,"Jüngst, Hugo C",Jüngst Hugo C,Jüngst,Hugo C,7.Novbr. 1871
4891,"Jüngst, Ludwig Volrad",Jüngst Ludwig Volrad,Jüngst,Ludwig Volrad,21.September 1880
4892,"Jüngst, Luise",Jüngst Luise,Jüngst,Luise,.
4893,"Junk, Wilhelm",Junk Wilhelm,Junk,Wilhelm,3. Febr.1866
4894,"Junkermann, August",Junkermann August,Junkermann,August,15.Dezember 1832
4895,"Junkmann, Wilhelm",Junkmann Wilhelm,Junkmann,Wilhelm,2. Juli 1811
4896,"Jurascheck, Georg",Jurascheck Georg,Jurascheck,Georg,13.Oktober 1853
4897,"Jürgens, Karl Adolf Gerhard",Jürgens Karl Adolf Gerhard,Jürgens,Karl Adolf Gerhard, Mai 1879
4898,"Jürgensen, Eduard",Jürgensen Eduard,Jürgensen,Eduard,9. März 1910
4899,Juris Doctorandus,Juris Doctorandus ,Juris Doctorandus,,.
4900,"Jürs, Heinrich",Jürs Heinrich,Jürs,Heinrich,20.Februar 1844
4901,"Just, Johann Karl Ludwig",Just Johann Karl Ludwig,Just,Johann Karl Ludwig, März 1851
4902,"Just, Johannes",Just Johannes,Just,Johannes, Juni 1902
4903,"Justinus, Oskar",Justinus Oskar,Justinus,Oskar,.
4904,"Justrau, Ernst",Justrau Ernst,Justrau,Ernst,.
4905,"Justus, Severus",Justus Severus,Justus,Severus,.
4906,"Justus, Th",Justus Th,Justus,Th,.
4907,"Jüterbock, Richard",Jüterbock Richard,Jüterbock,Richard, Oktober 1867
4908,"Jüttner, Wendelin Joseph Bartholomäus Aloys",Jüttner Wendelin Joseph Bartholomäus Aloys,Jüttner,Wendelin Joseph Bartholomäus Aloys,23. August1813
4909,"Jversen, Henrich",Jversen Henrich,Jversen,Henrich,19. Oktbr.1848
4910,"Jvo, Berengarius",Jvo Berengarius,Jvo,Berengarius,.
4911,"Jwersen, Adelaide Marie",Jwersen Adelaide Marie,Jwersen,Adelaide Marie,25. August 1829
4912,"Kaan, Eduard",Kaan Eduard,Kaan,Eduard,.
4913,"Kabel, Walther",Kabel Walther,Kabel,Walther,8. Aug.1878
4914,"Kabisch, Martin Richard",Kabisch Martin Richard,Kabisch,Martin Richard,.Mai 1868
4915,"Kaboth, Hans",Kaboth Hans,Kaboth,Hans,1. April 1906
4916,"Kadelburg, Gustav",Kadelburg Gustav,Kadelburg,Gustav,26. Juli1851
4917,"Kaden, Edmund",Kaden Edmund,Kaden,Edmund,22. April1858
4918,"Kaden, Woldemar",Kaden Woldemar,Kaden,Woldemar,9. Febr.1838
4919,"Kadich, Hans von",Kadich Hans,Kadich,Hans,12. Jan.1864
4920,"Kaefer, Viktor",Kaefer Viktor,Kaefer,Viktor,.
4921,"Kaffka, E. M",Kaffka E. M,Kaffka,E. M,11.März 1864
4922,"Kafka, Rudolf",Kafka Rudolf,Kafka,Rudolf,.
4923,"Kahle, Adolf Wilhelm",Kahle Adolf Wilhelm,Kahle,Adolf Wilhelm,30. Januar 1870
4924,"Kahlenberg, Hans von",Kahlenberg Hans von,Kahlenberg,Hans von,.
4925,"Kahler, Erich",Kahler Erich,Kahler,Erich,.
4926,"Kaehler, Benno",Kaehler Benno,Kaehler,Benno,.
4927,"Kähler, Friedrich Wilhelm Franz Emanuel Rudolf",Kähler Friedrich Wilhelm Franz Emanuel Rudolf,Kähler,Friedrich Wilhelm Franz Emanuel Rudolf,5.Juni 1873
4928,"Kahlert, Karl August Thimotheus",Kahlert Karl August Thimotheus,Kahlert,Karl August Thimotheus,5. März 1807
4929,"Kähn, Johannes",Kähn Johannes,Kähn,Johannes,1. Febr.1810
4930,"Kaibel, Franz",Kaibel Franz,Kaibel,Franz,.
4931,"Kainz(-Hutzler), Sarah",Kainz Sarah,Kainz,Sarah,März 1853
4932,"Kaisenberg, Moritz von",Kaisenberg Moritz,Kaisenberg,Moritz,25. Juni 1837
4933,"Kaiser, Emil",Kaiser Emil,Kaiser,Emil,.
4934,"Kaiser, Ernst",Kaiser Ernst,Kaiser,Ernst,.
4935,"Kaiser, Friedrich",Kaiser Friedrich,Kaiser,Friedrich,3.April 1814
4936,"Kaiser, Heinrich",Kaiser Heinrich,Kaiser,Heinrich,.
4937,"Kaiser, Jsabelle",Kaiser Jsabelle,Kaiser,Jsabelle,2. Oktbr.1866
4938,"Kaiser, Koloman",Kaiser Koloman,Kaiser,Koloman,1. Juli1854
4939,"Kaiser, Johann Paul",Kaiser Johann Paul,Kaiser,Johann Paul,19. Dezbr. 1852
4940,"Kalb, Gustav",Kalb Gustav,Kalb,Gustav,17. Jan.1844
4941,"Kalbeck, Max",Kalbeck Max,Kalbeck,Max,.
4942,"Kalenberg, E. von",Kalenberg E. von,Kalenberg,E. von,.
4943,"Kaliebe, Luise",Kaliebe Luise,Kaliebe,Luise,.
4944,"Kalisch, David",Kalisch David,Kalisch,David,21.August 1872
4945,"Kalisch, Jsidor",Kalisch Jsidor,Kalisch,Jsidor,15. Novbr.1817
4946,"Kalisch, Ludwig",Kalisch Ludwig,Kalisch,Ludwig,7. Septbr.1814
4947,"Kalischer, Alfred Christlieb Salomo Ludwig",Kalischer Alfred Christlieb Salomo Ludwig,Kalischer,Alfred Christlieb Salomo Ludwig, Februar 1866
4948,"Kalischer, Siegfried",Kalischer Siegfried,Kalischer,Siegfried,.
4949,"Kallusky, Martha",Kallusky Martha,Kallusky,Martha,.
4950,"Kalnein, Elisa Gräfin",Kalnein Elisa,Kalnein,Elisa,.
4951,"Kaloria, Johannes B",Kaloria Johannes B,Kaloria,Johannes B,25. Juni 1861
4952,"Kaltenbäck, Johann Paul",Kaltenbäck Johann Paul,Kaltenbäck,Johann Paul,11. Jan. 1804
4953,"Kaltenbrunner, Karl Adam",Kaltenbrunner Karl Adam,Kaltenbrunner,Karl Adam,30. Dezbr. 1804
4954,"Kaltenhauser, Fanny",Kaltenhauser Fanny,Kaltenhauser,Fanny,12. Dezbr. 1863
4955,Kama Deva,Kama Deva ,Kama Deva,,.
4956,"Kambang, Ati",Kambang Ati,Kambang,Ati,.
4957,"Kambli, Wilhelm",Kambli Wilhelm,Kambli,Wilhelm,2.Novbr. 1859
4958,"Kameke, Asta von",Kameke Asta,Kameke,Asta,.
4959,"Kameke, Elisabeth von",Kameke Elisabeth,Kameke,Elisabeth,1. Jan. 1860
4960,"Kameke, Mathilde von",Kameke Mathilde,Kameke,Mathilde,12. Oktbr. 1835
4961,"Kaminsky, Wilhelm",Kaminsky Wilhelm,Kaminsky,Wilhelm,19.April 1857
4962,"Kamke, Gertrud",Kamke Gertrud,Kamke,Gertrud,12. Oktbr. 1867
4963,"Kamlah, Kurt",Kamlah Kurt,Kamlah,Kurt,.
4964,"Kammerer, Wilhelm",Kammerer Wilhelm,Kammerer,Wilhelm,21. August 1847
4965,"Kaemmerer, Franz",Kaemmerer Franz,Kaemmerer,Franz,.
4966,"Kamp, Otto",Kamp Otto,Kamp,Otto,9. Aug. 1850
4967,"Kämpchen, Heinrich",Kämpchen Heinrich,Kämpchen,Heinrich,23. Mai 1847
4968,"Kämpfe, Paul",Kämpfe Paul,Kämpfe,Paul,3. Juli1841
4969,"Kämpfen, Peter Joseph",Kämpfen Peter Joseph,Kämpfen,Peter Joseph,27. Februar 1827
4970,"Kaempfer, Lucy",Kaempfer Lucy,Kaempfer,Lucy,.
4971,"Kampfmuth, Georg",Kampfmuth Georg,Kampfmuth,Georg,.
4972,"Kampmann, Friedrich",Kampmann Friedrich,Kampmann,Friedrich,6. Febr. 1828
4973,"Kampschulte, Heinrich",Kampschulte Heinrich,Kampschulte,Heinrich,28. März 1823
4974,"Kandler, Flora",Kandler Flora,Kandler,Flora,.
4975,"Kann, Matthias Konrad",Kann Matthias Konrad,Kann,Matthias Konrad,11. Juli 1871
4976,"Kanowski, Friedrich Hermann",Kanowski Friedrich Hermann,Kanowski,Friedrich Hermann,.
4977,"Kapff, Sixt Ernst",Kapff Sixt Ernst,Kapff,Sixt Ernst,17. April1863
4978,"Kapper, Siegfried",Kapper Siegfried,Kapper,Siegfried,21.März 1821
4979,"Kappert, Johann",Kappert Johann,Kappert,Johann,3. April1856
4980,"Kappstein, Anna",Kappstein Anna,Kappstein,Anna,28. Novbr. 1870
4981,"Kapri, Mathilde Baronin von",Kapri Mathilde,Kapri,Mathilde,4. Oktbr. 1889
4982,"Karbe, Anna",Karbe Anna,Karbe,Anna,4. Mai1852
4983,"Karger, Franz",Karger Franz,Karger,Franz,6. Juli 1850
4984,"Karger, Robert",Karger Robert,Karger,Robert,24. Juni1874
4985,"Karl, E",Karl E,Karl,E,.
4986,Karlweis,Karlweis ,Karlweis,,.
4987,"Karmarsch, Karl",Karmarsch Karl,Karmarsch,Karl,17.Oktober 1803
4988,"Karner, Franz",Karner Franz,Karner,Franz,23. April 1897
4989,"Karpeles, Gustav",Karpeles Gustav,Karpeles,Gustav,11. Nov.1848
4990,"Karrillon, Adam",Karrillon Adam,Karrillon,Adam,.
4991,"Karrotom, Ado",Karrotom Ado,Karrotom,Ado,10. Febr. 1865
4992,"Karsch, Anton",Karsch Anton,Karsch,Anton,18. Juni 1822
4993,"Karst von Karstenwerth, Franz",Karst von Karstenwerth Franz,Karst von Karstenwerth,Franz,10. Dezbr. 1832
4994,"Karstädt, Otto",Karstädt Otto,Karstädt,Otto,7. Aug. 1876
4995,"Karuth, Frank",Karuth Frank,Karuth,Frank,.
4996,"Karwath, Juliane",Karwath Juliane,Karwath,Juliane,16.Juli 1877
4997,Kasch,Kasch ,Kasch,,5. Nov. 1900
4998,"Kaeseberg, Max",Kaeseberg Max,Kaeseberg,Max,5. Januar 1908
4999,"Kaspar-Walzel, Joseph",Kaspar-Walzel Joseph,Kaspar-Walzel,Joseph,7. Mai 1873
